method,topology_index,topology_seed,task_seed,avg_rt,dmr,deadline_met_ratio,avg_reward,energy_depletion,load_imbalance,overload_ratio,action_entropy,dominant_node,dominant_node_share,active_nodes,capacity_mean,capacity_std,base_latency_mean,base_latency_std,fastest_node,highest_capacity_node
ADDQN,0,1000,5000,148.1489584293011,0.125,0.875,15.137524118423462,0.0336148738861084,0.0065771592780947685,0.0,0.43200411639045466,0,0.47,5,1.0097980499267578,0.10068459808826447,27.775442123413086,13.147480964660645,9,13
ADDQN,1,1001,5001,148.1154490334071,0.11,0.89,15.739072031974793,0.035006165504455566,0.007486735470592976,0.0,0.3531917043037653,12,0.54,4,0.9503349661827087,0.12276194989681244,25.64352035522461,14.922945976257324,3,11
ADDQN,2,1002,5002,137.34047052477064,0.065,0.935,17.298198475837708,0.032244324684143066,0.0051770745776593685,0.0,0.27511034984784466,13,0.635,4,0.99286949634552,0.10392937809228897,16.367368698120117,11.516507148742676,1,13
ADDQN,3,1003,5003,148.72496227594027,0.115,0.885,15.518935751914977,0.03350752592086792,0.006459482479840517,0.0,0.36664977408010707,12,0.55,3,1.0135400295257568,0.1019202470779419,27.847463607788086,13.842494010925293,7,8
ADDQN,4,1004,5004,155.82234630311856,0.225,0.775,11.467277665138244,0.03335517644882202,0.007830177433788776,0.0,0.4418445965736204,12,0.405,5,0.9495022296905518,0.1065281331539154,31.878856658935547,13.19859790802002,9,5
ADDQN,5,1005,5005,145.23022149566447,0.145,0.855,14.506760215759277,0.03241986036300659,0.006025177892297506,0.0,0.32973203957809283,12,0.565,4,1.018459439277649,0.11572973430156708,31.217418670654297,14.225573539733887,6,5
ADDQN,6,1006,5006,141.89014625768905,0.025,0.975,18.80758382320404,0.03427034616470337,0.007046522106975317,0.0,0.40397072201241335,13,0.515,5,1.0003132820129395,0.09188151359558105,26.501527786254883,14.984874725341797,0,10
ADDQN,7,1007,5007,138.9637519099729,0.055,0.945,17.691061186790467,0.03345149755477905,0.005759892053902149,0.0,0.2977883273954266,12,0.565,3,1.0107518434524536,0.11753574013710022,29.909183502197266,11.086420059204102,13,14
ADDQN,8,1008,5008,144.06634415599527,0.085,0.915,16.655702934265136,0.03349870443344116,0.006207716651260853,0.0,0.392697377220646,13,0.565,4,0.9914172887802124,0.1260828971862793,23.91192626953125,10.554183959960938,11,3
ADDQN,9,1009,5009,156.356275736289,0.26,0.74,10.242899346351624,0.032211899757385254,0.006693750154227018,0.0,0.32205005908713163,13,0.555,3,0.9516079425811768,0.11650725454092026,27.384370803833008,12.43038558959961,5,10
ADDQN,10,1010,5010,145.41427501716475,0.08,0.92,16.859196672439577,0.034043729305267334,0.006517620291560888,0.0,0.41652157214442725,10,0.47,4,1.031708836555481,0.12871529161930084,21.582216262817383,14.331817626953125,8,13
ADDQN,11,1011,5011,149.0105035076928,0.125,0.875,14.985102739334106,0.03322261571884155,0.006930525414645672,0.0,0.3987271855220124,12,0.495,4,0.962928831577301,0.11947505921125412,23.72496795654297,11.74449348449707,5,8
ADDQN,12,1012,5012,157.23800872098306,0.22,0.78,11.442268500328064,0.03266632556915283,0.006076948717236519,0.0,0.3836044950858009,12,0.5,3,1.0279382467269897,0.10506925731897354,26.343862533569336,10.959735870361328,3,8
ADDQN,13,1013,5013,164.99691164269737,0.355,0.645,6.838797998428345,0.031955838203430176,0.005882963538169861,0.0,0.3688909959663235,1,0.46,3,1.0259922742843628,0.10291386395692825,34.8514289855957,10.078688621520996,8,12
ADDQN,14,1014,5014,150.88137688079124,0.105,0.895,15.901949124336243,0.034267961978912354,0.006823048461228609,0.0,0.455922465856968,12,0.505,6,1.0395822525024414,0.07951273769140244,26.628482818603516,13.63117504119873,11,3
ADDQN,15,1015,5015,143.47578324652903,0.11,0.89,15.813498735427856,0.033264875411987305,0.005299758166074753,0.0,0.3051488029324454,12,0.595,3,0.9681740999221802,0.10702630877494812,32.24388122558594,11.274903297424316,2,12
ADDQN,16,1016,5016,152.6206642638213,0.155,0.845,14.001773858070374,0.03301507234573364,0.005704299081116915,0.0,0.41086759774905834,12,0.5,5,1.0134155750274658,0.0952966958284378,28.789396286010742,13.885133743286133,6,6
ADDQN,17,1017,5017,135.47179490623114,0.05,0.95,17.88270972251892,0.03257942199707031,0.0050596375949680805,0.0,0.37506153290705413,2,0.485,3,1.0260599851608276,0.11404351890087128,22.607328414916992,12.709726333618164,7,2
ADDQN,18,1018,5018,136.4994238601349,0.015,0.985,19.121325240135192,0.03361588716506958,0.005845146253705025,0.0,0.38382884093062003,2,0.535,5,1.0267916917800903,0.08280891180038452,20.847265243530273,10.831220626831055,1,2
ADDQN,19,1019,5019,153.17287338477047,0.19,0.81,12.734913506507873,0.03271925449371338,0.007241216488182545,0.0,0.3749333303168836,12,0.515,4,0.978085458278656,0.09809678047895432,32.49640655517578,15.348995208740234,2,14
ADDQN,20,1020,5020,170.89073154745114,0.285,0.7150000000000001,8.98241009235382,0.03372347354888916,0.007690573111176491,0.0,0.33472443684828396,12,0.485,3,0.9988888502120972,0.10780908912420273,34.2703857421875,11.242958068847656,7,13
ADDQN,21,1021,5021,156.46152081081624,0.255,0.745,10.309495520591735,0.032786667346954346,0.0068175713531672955,0.0,0.39786141523477997,1,0.45,5,1.0105907917022705,0.12557491660118103,24.801219940185547,9.899833679199219,4,2
ADDQN,22,1022,5022,148.7499924311132,0.185,0.815,13.024064502716065,0.03210729360580444,0.005359114613384008,0.0,0.3428337392819614,12,0.61,4,1.0255731344223022,0.1121864914894104,31.902793884277344,13.232260704040527,5,1
ADDQN,23,1023,5023,136.4538898159513,0.05,0.95,17.89772449493408,0.032709479331970215,0.006166541948914528,0.0,0.4120338058254842,10,0.435,4,1.005757451057434,0.11247475445270538,26.925823211669922,13.057573318481445,7,2
ADDQN,24,1024,5024,153.9965163109887,0.23,0.77,11.210681533813476,0.03201669454574585,0.005904595833271742,0.0,0.48181007322066816,1,0.485,7,1.0223701000213623,0.11062880605459213,27.61137580871582,11.566295623779297,6,12
ADDQN,25,1025,5025,145.65709417635975,0.095,0.905,16.1553005361557,0.033335328102111816,0.005963127128779888,0.0,0.4791275417934686,12,0.415,4,1.0186731815338135,0.11492113769054413,22.651264190673828,13.031654357910156,4,13
ADDQN,26,1026,5026,150.10936714651817,0.17,0.83,13.430797562599182,0.032879650592803955,0.006058808416128159,0.0,0.30142128790246847,12,0.595,3,0.9788110256195068,0.10390890389680862,23.724735260009766,10.494549751281738,7,12
ADDQN,27,1027,5027,151.83563638280978,0.165,0.835,13.574048738479615,0.032664477825164795,0.005745080765336752,0.0,0.48369481246430907,2,0.35,4,0.993180513381958,0.13159407675266266,26.019556045532227,15.891618728637695,10,5
ADDQN,28,1028,5028,146.873575496234,0.215,0.785,11.725008115768432,0.0312005877494812,0.0056639015674591064,0.0,0.35066759377030154,0,0.51,4,0.9997924566268921,0.09685518592596054,33.06700134277344,12.247822761535645,4,6
ADDQN,29,1029,5029,149.0798132480997,0.09,0.91,16.38395960330963,0.03342080116271973,0.006302067078649998,0.0,0.3419907622937036,0,0.535,3,0.9853554368019104,0.12101965397596359,32.52090072631836,13.71555233001709,13,11
