method,topology_index,topology_seed,task_seed,policy_seed,avg_rt,dmr,deadline_met_ratio,avg_reward,energy_depletion,load_imbalance,overload_ratio,action_entropy,dominant_node,dominant_node_share,active_nodes,capacity_mean,capacity_std,base_latency_mean,base_latency_std,fastest_node,highest_capacity_node
PPO,0,1000,5000,6001,169.90110126873284,0.295,0.7050000000000001,8.589703974723816,0.03387409448623657,0.00819407682865858,0.0,0.8133054843738148,2,0.27,13,1.0097980499267578,0.10068459808826447,27.775442123413086,13.147480964660645,9,13
PPO,0,1000,5000,6002,168.81320001026424,0.27,0.73,9.310041508674622,0.03387635946273804,0.008064460009336472,0.0,0.8267394885415754,2,0.215,13,1.0097980499267578,0.10068459808826447,27.775442123413086,13.147480964660645,9,13
PPO,0,1000,5000,6003,168.89834343334468,0.3,0.7,8.455380506515503,0.033811092376708984,0.007717764470726252,0.0,0.790837388354396,2,0.28,12,1.0097980499267578,0.10068459808826447,27.775442123413086,13.147480964660645,9,13
PPO,0,1000,5000,6004,169.70609494587214,0.3,0.7,8.383790340423584,0.03387326002120972,0.008039191365242004,0.0,0.7787700785277482,2,0.285,12,1.0097980499267578,0.10068459808826447,27.775442123413086,13.147480964660645,9,13
PPO,0,1000,5000,6005,188.78238109012872,0.38,0.62,4.5431446886062625,0.034481048583984375,0.011583452112972736,0.0,0.7284393534982704,2,0.35,14,1.0097980499267578,0.10068459808826447,27.775442123413086,13.147480964660645,9,13
PPO,1,1001,5001,6001,171.3810987335719,0.28,0.72,9.012331109046936,0.03553086519241333,0.010228104889392853,0.0,0.836717990436277,2,0.25,14,0.9503349661827087,0.12276194989681244,25.64352035522461,14.922945976257324,3,11
PPO,1,1001,5001,6002,167.1939563137568,0.24,0.76,10.47844169139862,0.03540754318237305,0.009641650132834911,0.0,0.8340193626973728,2,0.205,13,0.9503349661827087,0.12276194989681244,25.64352035522461,14.922945976257324,3,11
PPO,1,1001,5001,6003,174.6576918846644,0.3,0.7,7.996742296218872,0.03561300039291382,0.010788775980472565,0.0,0.7968236485976388,2,0.265,12,0.9503349661827087,0.12276194989681244,25.64352035522461,14.922945976257324,3,11
PPO,1,1001,5001,6004,172.54353368821515,0.24,0.76,10.115311489105224,0.03552734851837158,0.010324204340577126,0.0,0.7787700785277482,2,0.285,12,0.9503349661827087,0.12276194989681244,25.64352035522461,14.922945976257324,3,11
PPO,1,1001,5001,6005,186.04569626632107,0.345,0.655,5.851882553100586,0.03596603870391846,0.013004792854189873,0.0,0.753369476341954,2,0.34,14,0.9503349661827087,0.12276194989681244,25.64352035522461,14.922945976257324,3,11
PPO,2,1002,5002,6001,155.11085882280528,0.22,0.78,11.292202134132385,0.03264939785003662,0.007119507063180208,0.0,0.8249092165542002,2,0.26,13,0.99286949634552,0.10392937809228897,16.367368698120117,11.516507148742676,1,13
PPO,2,1002,5002,6002,151.16509887312114,0.205,0.795,11.938085494041443,0.03258556127548218,0.006938881706446409,0.0,0.8308570625580194,2,0.21,13,0.99286949634552,0.10392937809228897,16.367368698120117,11.516507148742676,1,13
PPO,2,1002,5002,6003,153.60890907619657,0.205,0.795,11.737490844726562,0.03261411190032959,0.007061954587697983,0.0,0.79605627081333,2,0.275,12,0.99286949634552,0.10392937809228897,16.367368698120117,11.516507148742676,1,13
PPO,2,1002,5002,6004,153.74719743822277,0.24,0.76,10.659499230384826,0.03261846303939819,0.007006507366895676,0.0,0.7787700785277482,2,0.285,12,0.99286949634552,0.10392937809228897,16.367368698120117,11.516507148742676,1,13
PPO,2,1002,5002,6005,163.35357662532985,0.26,0.74,9.267114510536194,0.03278827667236328,0.00784261804074049,0.0,0.7469503293478831,2,0.35,14,0.99286949634552,0.10392937809228897,16.367368698120117,11.516507148742676,1,13
PPO,3,1003,5003,6001,164.02412971349366,0.22,0.78,11.302137422561646,0.0336456298828125,0.007246289402246475,0.0,0.8133054843738148,2,0.27,13,1.0135400295257568,0.1019202470779419,27.847463607788086,13.842494010925293,7,8
PPO,3,1003,5003,6002,167.5193952307285,0.255,0.745,10.09504213809967,0.03388619422912598,0.008539256639778614,0.0,0.8258927390710433,2,0.22,13,1.0135400295257568,0.1019202470779419,27.847463607788086,13.842494010925293,7,8
PPO,3,1003,5003,6003,166.71527903886445,0.23,0.77,10.92533251285553,0.033788084983825684,0.008004841394722462,0.0,0.7878976426508653,2,0.285,12,1.0135400295257568,0.1019202470779419,27.847463607788086,13.842494010925293,7,8
PPO,3,1003,5003,6004,164.85613150449404,0.225,0.775,10.961520886421203,0.03379178047180176,0.008062707260251045,0.0,0.7787700785277482,2,0.285,12,1.0135400295257568,0.1019202470779419,27.847463607788086,13.842494010925293,7,8
PPO,3,1003,5003,6005,175.9115275463642,0.33,0.6699999999999999,6.911492915153503,0.03407090902328491,0.00947978813201189,0.0,0.7196453036601579,2,0.365,13,1.0135400295257568,0.1019202470779419,27.847463607788086,13.842494010925293,7,8
PPO,4,1004,5004,6001,170.53602906907926,0.36,0.64,6.110420861244202,0.03341931104660034,0.008338813669979572,0.0,0.8271264936886888,2,0.255,13,0.9495022296905518,0.1065281331539154,31.878856658935547,13.19859790802002,9,5
PPO,4,1004,5004,6002,176.61168677533996,0.35,0.65,6.2224752140045165,0.033663928508758545,0.009995614178478718,0.0,0.8321593713402305,2,0.205,13,0.9495022296905518,0.1065281331539154,31.878856658935547,13.19859790802002,9,5
PPO,4,1004,5004,6003,172.4726719018353,0.365,0.635,5.892591733932495,0.033473968505859375,0.00871228240430355,0.0,0.7982313697715956,2,0.265,12,0.9495022296905518,0.1065281331539154,31.878856658935547,13.19859790802002,9,5
PPO,4,1004,5004,6004,175.75335249627963,0.39,0.61,4.94289843082428,0.033580780029296875,0.009525022469460964,0.0,0.779791158097051,2,0.28,12,0.9495022296905518,0.1065281331539154,31.878856658935547,13.19859790802002,9,5
PPO,4,1004,5004,6005,185.68196503604784,0.375,0.625,4.56215663433075,0.033868610858917236,0.011497936211526394,0.0,0.7469503293478831,2,0.35,14,0.9495022296905518,0.1065281331539154,31.878856658935547,13.19859790802002,9,5
PPO,5,1005,5005,6001,166.41340067867074,0.305,0.6950000000000001,7.955484328269958,0.03274965286254883,0.00802222266793251,0.0,0.8108604848851483,2,0.275,13,1.018459439277649,0.11572973430156708,31.217418670654297,14.225573539733887,6,5
PPO,5,1005,5005,6002,164.77617445472512,0.32,0.6799999999999999,7.560207829475403,0.03268396854400635,0.007594674825668335,0.0,0.8258927390710433,2,0.22,13,1.018459439277649,0.11572973430156708,31.217418670654297,14.225573539733887,6,5
PPO,5,1005,5005,6003,164.02748470548423,0.29,0.71,8.534030632972717,0.032713115215301514,0.007825925014913082,0.0,0.7915194781671885,2,0.285,12,1.018459439277649,0.11572973430156708,31.217418670654297,14.225573539733887,6,5
PPO,5,1005,5005,6004,162.0427279615763,0.265,0.735,9.620662603378296,0.032684147357940674,0.007603947073221207,0.0,0.7787700785277482,2,0.285,12,1.018459439277649,0.11572973430156708,31.217418670654297,14.225573539733887,6,5
PPO,5,1005,5005,6005,172.21229994300637,0.33,0.6699999999999999,6.555428853034973,0.033046841621398926,0.009578781202435493,0.0,0.7183528669291571,2,0.37,13,1.018459439277649,0.11572973430156708,31.217418670654297,14.225573539733887,6,5
PPO,6,1006,5006,6001,173.93014599066024,0.22,0.78,10.769005517959595,0.03493356704711914,0.01093841902911663,0.0,0.8149589788880716,2,0.27,13,1.0003132820129395,0.09188151359558105,26.501527786254883,14.984874725341797,0,10
PPO,6,1006,5006,6002,163.32242542248017,0.175,0.825,12.845852551460267,0.03460192680358887,0.008832546882331371,0.0,0.8284750909292274,2,0.215,13,1.0003132820129395,0.09188151359558105,26.501527786254883,14.984874725341797,0,10
PPO,6,1006,5006,6003,166.2542576287294,0.185,0.815,12.435695815086365,0.03471893072128296,0.009475046768784523,0.0,0.79605627081333,2,0.275,12,1.0003132820129395,0.09188151359558105,26.501527786254883,14.984874725341797,0,10
PPO,6,1006,5006,6004,167.59615524749998,0.235,0.765,10.522579960823059,0.0345613956451416,0.00851251557469368,0.0,0.7787700785277482,2,0.285,12,1.0003132820129395,0.09188151359558105,26.501527786254883,14.984874725341797,0,10
PPO,6,1006,5006,6005,189.20211535673386,0.29,0.71,7.067728443145752,0.03528928756713867,0.012645423412322998,0.0,0.7388514693617975,2,0.35,14,1.0003132820129395,0.09188151359558105,26.501527786254883,14.984874725341797,0,10
PPO,7,1007,5007,6001,163.4366185739057,0.27,0.73,9.57342635154724,0.03379553556442261,0.007457143161445856,0.0,0.817246603682473,2,0.265,13,1.0107518434524536,0.11753574013710022,29.909183502197266,11.086420059204102,13,14
PPO,7,1007,5007,6002,165.57789243006872,0.265,0.735,9.564812998771668,0.033817827701568604,0.007644305005669594,0.0,0.8284750909292274,2,0.215,13,1.0107518434524536,0.11753574013710022,29.909183502197266,11.086420059204102,13,14
PPO,7,1007,5007,6003,162.2013521649854,0.28,0.72,9.27074450969696,0.03376603126525879,0.007316265255212784,0.0,0.79605627081333,2,0.275,12,1.0107518434524536,0.11753574013710022,29.909183502197266,11.086420059204102,13,14
PPO,7,1007,5007,6004,165.16932806277435,0.305,0.6950000000000001,8.35373598575592,0.03380829095840454,0.007679922506213188,0.0,0.7787700785277482,2,0.285,12,1.0107518434524536,0.11753574013710022,29.909183502197266,11.086420059204102,13,14
PPO,7,1007,5007,6005,178.09459766650366,0.335,0.665,6.426795902252198,0.034277498722076416,0.009875531308352947,0.0,0.7284393534982704,2,0.35,14,1.0107518434524536,0.11753574013710022,29.909183502197266,11.086420059204102,13,14
PPO,8,1008,5008,6001,168.4741165945214,0.24,0.76,9.961869163513184,0.0341486930847168,0.010069429874420166,0.0,0.8161444924891529,2,0.265,13,0.9914172887802124,0.1260828971862793,23.91192626953125,10.554183959960938,11,3
PPO,8,1008,5008,6002,166.70747072908102,0.24,0.76,10.366022624969482,0.03422504663467407,0.01035226695239544,0.0,0.8267394885415754,2,0.215,13,0.9914172887802124,0.1260828971862793,23.91192626953125,10.554183959960938,11,3
PPO,8,1008,5008,6003,164.2844636270684,0.215,0.785,11.100890064239502,0.034023165702819824,0.009070524014532566,0.0,0.7970685140917969,2,0.27,12,0.9914172887802124,0.1260828971862793,23.91192626953125,10.554183959960938,11,3
PPO,8,1008,5008,6004,164.41492124053656,0.225,0.775,10.70202028274536,0.03408622741699219,0.009492537938058376,0.0,0.7787700785277482,2,0.285,12,0.9914172887802124,0.1260828971862793,23.91192626953125,10.554183959960938,11,3
PPO,8,1008,5008,6005,181.88834818097774,0.34,0.6599999999999999,6.02217809677124,0.03469318151473999,0.012991654686629772,0.0,0.7284393534982704,2,0.35,14,0.9914172887802124,0.1260828971862793,23.91192626953125,10.554183959960938,11,3
PPO,9,1009,5009,6001,167.17946470160962,0.27,0.73,8.892603106498719,0.032737791538238525,0.01007795799523592,0.0,0.8354563029121652,2,0.255,14,0.9516079425811768,0.11650725454092026,27.384370803833008,12.43038558959961,5,10
PPO,9,1009,5009,6002,163.53237300057887,0.26,0.74,9.252053747177124,0.03256803750991821,0.008881840854883194,0.0,0.8321593713402305,2,0.205,13,0.9516079425811768,0.11650725454092026,27.384370803833008,12.43038558959961,5,10
PPO,9,1009,5009,6003,163.38779026885507,0.285,0.7150000000000001,8.700928530693055,0.03264898061752319,0.009290571324527264,0.0,0.7968236485976388,2,0.265,12,0.9516079425811768,0.11650725454092026,27.384370803833008,12.43038558959961,5,10
PPO,9,1009,5009,6004,163.64361627955913,0.26,0.74,9.281244049072265,0.03263366222381592,0.009332106448709965,0.0,0.779791158097051,2,0.28,12,0.9516079425811768,0.11650725454092026,27.384370803833008,12.43038558959961,5,10
PPO,9,1009,5009,6005,173.3894588484335,0.305,0.6950000000000001,7.264197402000427,0.03298372030258179,0.011788196861743927,0.0,0.7544678270444934,2,0.35,14,0.9516079425811768,0.11650725454092026,27.384370803833008,12.43038558959961,5,10
PPO,10,1010,5010,6001,162.3171518615709,0.21,0.79,11.86102988243103,0.03432774543762207,0.007853125222027302,0.0,0.8071754952359775,2,0.275,13,1.031708836555481,0.12871529161930084,21.582216262817383,14.331817626953125,8,13
PPO,10,1010,5010,6002,160.62691054620606,0.205,0.795,11.847830691337585,0.03424954414367676,0.007526077795773745,0.0,0.8258927390710433,2,0.22,13,1.031708836555481,0.12871529161930084,21.582216262817383,14.331817626953125,8,13
PPO,10,1010,5010,6003,161.1138641146646,0.185,0.815,12.52061188697815,0.03424423933029175,0.0074991630390286446,0.0,0.7846690646239578,2,0.29,12,1.031708836555481,0.12871529161930084,21.582216262817383,14.331817626953125,8,13
PPO,10,1010,5010,6004,160.2078551200853,0.21,0.79,11.772783837318421,0.03428316116333008,0.007668936159461737,0.0,0.7754449137828785,2,0.29,12,1.031708836555481,0.12871529161930084,21.582216262817383,14.331817626953125,8,13
PPO,10,1010,5010,6005,170.94253452577453,0.28,0.72,8.815147128105163,0.034543752670288086,0.008903280831873417,0.0,0.7158668508853004,2,0.37,13,1.031708836555481,0.12871529161930084,21.582216262817383,14.331817626953125,8,13
PPO,11,1011,5011,6001,156.557740775187,0.195,0.8049999999999999,12.149343528747558,0.03345465660095215,0.008453981019556522,0.0,0.836717990436277,2,0.25,14,0.962928831577301,0.11947505921125412,23.72496795654297,11.74449348449707,5,8
PPO,11,1011,5011,6002,157.01986873014687,0.215,0.785,11.578446493148803,0.033504486083984375,0.008709746412932873,0.0,0.8299137203528754,2,0.21,13,0.962928831577301,0.11947505921125412,23.72496795654297,11.74449348449707,5,8
PPO,11,1011,5011,6003,159.1019978652787,0.205,0.795,11.538001799583435,0.033557355403900146,0.008953618817031384,0.0,0.7958455988823102,2,0.27,12,0.962928831577301,0.11947505921125412,23.72496795654297,11.74449348449707,5,8
PPO,11,1011,5011,6004,153.01598727806328,0.19,0.81,12.237642550468445,0.033410608768463135,0.008148971945047379,0.0,0.7787700785277482,2,0.285,12,0.962928831577301,0.11947505921125412,23.72496795654297,11.74449348449707,5,8
PPO,11,1011,5011,6005,166.89859373195884,0.26,0.74,9.50035162448883,0.033992230892181396,0.011703436262905598,0.0,0.7491473477854549,2,0.35,14,0.962928831577301,0.11947505921125412,23.72496795654297,11.74449348449707,5,8
PPO,12,1012,5012,6001,161.59949865590434,0.255,0.745,10.131376566886901,0.03306299448013306,0.00824860017746687,0.0,0.8133054843738148,2,0.27,13,1.0279382467269897,0.10506925731897354,26.343862533569336,10.959735870361328,3,8
PPO,12,1012,5012,6002,160.3028020406852,0.215,0.785,11.352119379043579,0.03302997350692749,0.008231117390096188,0.0,0.8258927390710433,2,0.22,13,1.0279382467269897,0.10506925731897354,26.343862533569336,10.959735870361328,3,8
PPO,12,1012,5012,6003,157.5366739059577,0.23,0.77,11.027621655464172,0.03297233581542969,0.007742260582745075,0.0,0.7915194781671885,2,0.285,12,1.0279382467269897,0.10506925731897354,26.343862533569336,10.959735870361328,3,8
PPO,12,1012,5012,6004,160.38044029008248,0.25,0.75,10.354758677482605,0.03307664394378662,0.008321826346218586,0.0,0.7787700785277482,2,0.285,12,1.0279382467269897,0.10506925731897354,26.343862533569336,10.959735870361328,3,8
PPO,12,1012,5012,6005,160.71218461762766,0.255,0.745,9.924875011444092,0.03304785490036011,0.008159552700817585,0.0,0.7183528669291571,2,0.37,13,1.0279382467269897,0.10506925731897354,26.343862533569336,10.959735870361328,3,8
PPO,13,1013,5013,6001,167.70719404950432,0.315,0.685,7.7570520734786985,0.03219884634017944,0.006964896339923143,0.0,0.8116994352855621,2,0.27,13,1.0259922742843628,0.10291386395692825,34.8514289855957,10.078688621520996,8,12
PPO,13,1013,5013,6002,170.55378012433343,0.31,0.69,7.571359806060791,0.032269179821014404,0.007406030315905809,0.0,0.8258927390710433,2,0.22,13,1.0259922742843628,0.10291386395692825,34.8514289855957,10.078688621520996,8,12
PPO,13,1013,5013,6003,171.302551267293,0.335,0.665,6.88660758972168,0.03230196237564087,0.007421827409416437,0.0,0.7835548354848564,2,0.295,12,1.0259922742843628,0.10291386395692825,34.8514289855957,10.078688621520996,8,12
PPO,13,1013,5013,6004,163.9246019865542,0.3,0.7,8.347241992950439,0.03206288814544678,0.006204633507877588,0.0,0.774681933360759,2,0.29,12,1.0259922742843628,0.10291386395692825,34.8514289855957,10.078688621520996,8,12
PPO,13,1013,5013,6005,176.0146544863253,0.38,0.62,4.885398659706116,0.03243422508239746,0.00819878838956356,0.0,0.7225059298553166,2,0.37,14,1.0259922742843628,0.10291386395692825,34.8514289855957,10.078688621520996,8,12
PPO,14,1014,5014,6001,170.94422981658224,0.265,0.735,9.766033420562744,0.034388720989227295,0.0074341087602078915,0.0,0.8031540724007894,2,0.285,13,1.0395822525024414,0.07951273769140244,26.628482818603516,13.63117504119873,11,3
PPO,14,1014,5014,6002,170.41427447715046,0.21,0.79,11.347011485099792,0.0344998836517334,0.008238367736339569,0.0,0.8180743709320144,2,0.24,13,1.0395822525024414,0.07951273769140244,26.628482818603516,13.63117504119873,11,3
PPO,14,1014,5014,6003,169.47665227809193,0.26,0.74,9.810327072143554,0.03436696529388428,0.007367030251771212,0.0,0.7834664785542733,2,0.295,12,1.0395822525024414,0.07951273769140244,26.628482818603516,13.63117504119873,11,3
PPO,14,1014,5014,6004,170.96585636058097,0.24,0.76,10.439859290122985,0.03439474105834961,0.00749262236058712,0.0,0.7685218834158304,2,0.295,12,1.0395822525024414,0.07951273769140244,26.628482818603516,13.63117504119873,11,3
PPO,14,1014,5014,6005,183.67830869593863,0.345,0.655,6.420190529823303,0.034663617610931396,0.00881771370768547,0.0,0.7115026674252696,2,0.38,13,1.0395822525024414,0.07951273769140244,26.628482818603516,13.63117504119873,11,3
PPO,15,1015,5015,6001,162.5602657303929,0.245,0.755,10.410685977935792,0.03378891944885254,0.007891816087067127,0.0,0.8283881812128007,2,0.25,13,0.9681740999221802,0.10702630877494812,32.24388122558594,11.274903297424316,2,12
PPO,15,1015,5015,6002,165.58697069503066,0.22,0.78,11.026727766990662,0.03394240140914917,0.008906835690140724,0.0,0.8299137203528754,2,0.21,13,0.9681740999221802,0.10702630877494812,32.24388122558594,11.274903297424316,2,12
PPO,15,1015,5015,6003,167.81974028445478,0.31,0.69,7.858223485946655,0.03395432233810425,0.00877708662301302,0.0,0.7968236485976388,2,0.265,12,0.9681740999221802,0.10702630877494812,32.24388122558594,11.274903297424316,2,12
PPO,15,1015,5015,6004,161.45111542559857,0.22,0.78,11.271969575881958,0.03378194570541382,0.007791782729327679,0.0,0.7787700785277482,2,0.285,12,0.9681740999221802,0.10702630877494812,32.24388122558594,11.274903297424316,2,12
PPO,15,1015,5015,6005,169.81716672755476,0.315,0.685,7.646423883438111,0.03404051065444946,0.009271242655813694,0.0,0.7482301662235958,2,0.345,14,0.9681740999221802,0.10702630877494812,32.24388122558594,11.274903297424316,2,12
PPO,16,1016,5016,6001,174.233955865956,0.3,0.7,7.937967691421509,0.0335993766784668,0.008733776398003101,0.0,0.8133054843738148,2,0.27,13,1.0134155750274658,0.0952966958284378,28.789396286010742,13.885133743286133,6,6
PPO,16,1016,5016,6002,177.4888273201949,0.33,0.6699999999999999,6.9050850629806515,0.033728718757629395,0.0096946582198143,0.0,0.8258927390710433,2,0.22,13,1.0134155750274658,0.0952966958284378,28.789396286010742,13.885133743286133,6,6
PPO,16,1016,5016,6003,173.25942303524084,0.36,0.64,6.288771333694458,0.033606648445129395,0.008694282732903957,0.0,0.7921651809450424,2,0.285,12,1.0134155750274658,0.0952966958284378,28.789396286010742,13.885133743286133,6,6
PPO,16,1016,5016,6004,170.01130241260594,0.31,0.69,7.858301119804382,0.03343021869659424,0.007742521818727255,0.0,0.7787700785277482,2,0.285,12,1.0134155750274658,0.0952966958284378,28.789396286010742,13.885133743286133,6,6
PPO,16,1016,5016,6005,185.51440718755788,0.405,0.595,3.812583498954773,0.03396761417388916,0.010900002904236317,0.0,0.7183528669291571,2,0.37,13,1.0134155750274658,0.0952966958284378,28.789396286010742,13.885133743286133,6,6
PPO,17,1017,5017,6001,155.76088481006263,0.24,0.76,10.678666234016418,0.032904624938964844,0.00665122689679265,0.0,0.8133054843738148,2,0.27,13,1.0260599851608276,0.11404351890087128,22.607328414916992,12.709726333618164,7,2
PPO,17,1017,5017,6002,155.41840648469565,0.255,0.745,10.312628202438354,0.03289794921875,0.006710639223456383,0.0,0.8267394885415754,2,0.215,13,1.0260599851608276,0.11404351890087128,22.607328414916992,12.709726333618164,7,2
PPO,17,1017,5017,6003,154.8492236858332,0.26,0.74,10.210980982780457,0.03281092643737793,0.006174472626298666,0.0,0.790837388354396,2,0.28,12,1.0260599851608276,0.11404351890087128,22.607328414916992,12.709726333618164,7,2
PPO,17,1017,5017,6004,150.99304079827903,0.19,0.81,12.593715209960937,0.032829999923706055,0.006237321067601442,0.0,0.7787700785277482,2,0.285,12,1.0260599851608276,0.11404351890087128,22.607328414916992,12.709726333618164,7,2
PPO,17,1017,5017,6005,161.28335954961418,0.255,0.745,9.765773873329163,0.033080220222473145,0.007406333461403847,0.0,0.7231692983598201,2,0.355,13,1.0260599851608276,0.11404351890087128,22.607328414916992,12.709726333618164,7,2
PPO,18,1018,5018,6001,152.51386782986145,0.13,0.87,14.752685899734496,0.03376293182373047,0.0065722716972231865,0.0,0.8108604848851483,2,0.275,13,1.0267916917800903,0.08280891180038452,20.847265243530273,10.831220626831055,1,2
PPO,18,1018,5018,6002,155.96476930958252,0.17,0.83,13.257864756584167,0.03387564420700073,0.007091807201504707,0.0,0.8258927390710433,2,0.22,13,1.0267916917800903,0.08280891180038452,20.847265243530273,10.831220626831055,1,2
PPO,18,1018,5018,6003,153.01678592068177,0.15,0.85,14.065757451057435,0.03381389379501343,0.006843823939561844,0.0,0.7860811889473269,2,0.29,12,1.0267916917800903,0.08280891180038452,20.847265243530273,10.831220626831055,1,2
PPO,18,1018,5018,6004,154.3094832740448,0.13,0.87,14.667360076904297,0.03383970260620117,0.006898128427565098,0.0,0.7787700785277482,2,0.285,12,1.0267916917800903,0.08280891180038452,20.847265243530273,10.831220626831055,1,2
PPO,18,1018,5018,6005,161.76664729219894,0.195,0.8049999999999999,12.184588780403137,0.03404057025909424,0.0080050528049469,0.0,0.7196453036601579,2,0.365,13,1.0267916917800903,0.08280891180038452,20.847265243530273,10.831220626831055,1,2
PPO,19,1019,5019,6001,158.28917110663326,0.23,0.77,11.08834011554718,0.03269827365875244,0.007266662549227476,0.0,0.8200507729972372,2,0.26,13,0.978085458278656,0.09809678047895432,32.49640655517578,15.348995208740234,2,14
PPO,19,1019,5019,6002,161.16947328787717,0.22,0.78,11.14688849925995,0.03274965286254883,0.007572925183922052,0.0,0.8312160291350865,2,0.205,13,0.978085458278656,0.09809678047895432,32.49640655517578,15.348995208740234,2,14
PPO,19,1019,5019,6003,161.53488005858333,0.225,0.775,11.082266788482666,0.0328594446182251,0.008221791125833988,0.0,0.7982313697715956,2,0.265,12,0.978085458278656,0.09809678047895432,32.49640655517578,15.348995208740234,2,14
PPO,19,1019,5019,6004,156.29757777911098,0.165,0.835,13.121060991287232,0.03272455930709839,0.007496733218431473,0.0,0.7787700785277482,2,0.285,12,0.978085458278656,0.09809678047895432,32.49640655517578,15.348995208740234,2,14
PPO,19,1019,5019,6005,164.38428530436428,0.265,0.735,9.380690588951111,0.03297078609466553,0.008748426102101803,0.0,0.7469503293478831,2,0.35,14,0.978085458278656,0.09809678047895432,32.49640655517578,15.348995208740234,2,14
PPO,20,1020,5020,6001,182.221671856022,0.35,0.65,5.879971599578857,0.034192562103271484,0.010370144620537758,0.0,0.8133054843738148,2,0.27,13,0.9988888502120972,0.10780908912420273,34.2703857421875,11.242958068847656,7,13
PPO,20,1020,5020,6002,175.96946564970028,0.33,0.6699999999999999,7.257234764099121,0.033980488777160645,0.009171904064714909,0.0,0.8284750909292274,2,0.215,13,0.9988888502120972,0.10780908912420273,34.2703857421875,11.242958068847656,7,13
PPO,20,1020,5020,6003,176.65233396348967,0.36,0.64,6.255027256011963,0.03395003080368042,0.00881065335124731,0.0,0.7903487272415041,2,0.29,12,0.9988888502120972,0.10780908912420273,34.2703857421875,11.242958068847656,7,13
PPO,20,1020,5020,6004,174.05778796491634,0.335,0.665,7.019137978553772,0.03393012285232544,0.008855538442730904,0.0,0.7787700785277482,2,0.285,12,0.9988888502120972,0.10780908912420273,34.2703857421875,11.242958068847656,7,13
PPO,20,1020,5020,6005,189.3296049195291,0.4,0.6,3.5217573547363283,0.034368038177490234,0.011415885761380196,0.0,0.7248636261263167,2,0.365,14,0.9988888502120972,0.10780908912420273,34.2703857421875,11.242958068847656,7,13
PPO,21,1021,5021,6001,156.61748131344075,0.23,0.77,10.913237199783325,0.03263729810714722,0.00622220616787672,0.0,0.8133054843738148,2,0.27,13,1.0105907917022705,0.12557491660118103,24.801219940185547,9.899833679199219,4,2
PPO,21,1021,5021,6002,158.6756119925713,0.27,0.73,9.606828055381776,0.0327143669128418,0.006582200527191162,0.0,0.8258927390710433,2,0.22,13,1.0105907917022705,0.12557491660118103,24.801219940185547,9.899833679199219,4,2
PPO,21,1021,5021,6003,159.8773677260613,0.265,0.735,9.55362199306488,0.03264331817626953,0.006243560463190079,0.0,0.7921651809450424,2,0.285,12,1.0105907917022705,0.12557491660118103,24.801219940185547,9.899833679199219,4,2
PPO,21,1021,5021,6004,156.4429611117577,0.23,0.77,10.927008638381958,0.03258872032165527,0.0060051679611206055,0.0,0.7787700785277482,2,0.285,12,1.0105907917022705,0.12557491660118103,24.801219940185547,9.899833679199219,4,2
PPO,21,1021,5021,6005,161.23000697204824,0.29,0.71,8.78672206401825,0.03262549638748169,0.006107300519943237,0.0,0.7225059298553166,2,0.37,14,1.0105907917022705,0.12557491660118103,24.801219940185547,9.899833679199219,4,2
PPO,22,1022,5022,6001,153.19859262318323,0.205,0.795,12.029169263839721,0.0324438214302063,0.007127432152628899,0.0,0.8004781408820173,2,0.29,13,1.0255731344223022,0.1121864914894104,31.902793884277344,13.232260704040527,5,1
PPO,22,1022,5022,6002,159.46835152954768,0.26,0.74,10.02144802093506,0.032606303691864014,0.00793223176151514,0.0,0.8108000509587476,2,0.255,13,1.0255731344223022,0.1121864914894104,31.902793884277344,13.232260704040527,5,1
PPO,22,1022,5022,6003,156.8762977394552,0.215,0.785,11.211302819252014,0.03250402212142944,0.007435573264956474,0.0,0.7782648140300447,2,0.305,12,1.0255731344223022,0.1121864914894104,31.902793884277344,13.232260704040527,5,1
PPO,22,1022,5022,6004,154.59176403135967,0.21,0.79,11.749212651252746,0.03250807523727417,0.00746525265276432,0.0,0.7678202429777379,2,0.295,12,1.0255731344223022,0.1121864914894104,31.902793884277344,13.232260704040527,5,1
PPO,22,1022,5022,6005,167.76845194906903,0.265,0.735,9.013668460845947,0.03301048278808594,0.010135945864021778,0.0,0.7030144920924319,2,0.38,12,1.0255731344223022,0.1121864914894104,31.902793884277344,13.232260704040527,5,1
PPO,23,1023,5023,6001,156.3738138510236,0.215,0.785,11.55710946559906,0.03293764591217041,0.0074604833498597145,0.0,0.8133054843738148,2,0.27,13,1.005757451057434,0.11247475445270538,26.925823211669922,13.057573318481445,7,2
PPO,23,1023,5023,6002,159.3205537296781,0.225,0.775,10.972622709274292,0.03308212757110596,0.008195286616683006,0.0,0.8267394885415754,2,0.215,13,1.005757451057434,0.11247475445270538,26.925823211669922,13.057573318481445,7,2
PPO,23,1023,5023,6003,154.60046654954047,0.18,0.8200000000000001,12.790670566558838,0.032946228981018066,0.007456006016582251,0.0,0.79605627081333,2,0.275,12,1.005757451057434,0.11247475445270538,26.925823211669922,13.057573318481445,7,2
PPO,23,1023,5023,6004,151.23252402319997,0.15,0.85,14.049733929634094,0.03285253047943115,0.006896990351378918,0.0,0.7787700785277482,2,0.285,12,1.005757451057434,0.11247475445270538,26.925823211669922,13.057573318481445,7,2
PPO,23,1023,5023,6005,161.02715166344734,0.25,0.75,10.10025396823883,0.03318530321121216,0.008891464211046696,0.0,0.7284393534982704,2,0.35,14,1.005757451057434,0.11247475445270538,26.925823211669922,13.057573318481445,7,2
PPO,24,1024,5024,6001,168.3985652468789,0.3,0.7,7.74651960849762,0.032519757747650146,0.008513739332556725,0.0,0.8053561940928342,2,0.285,13,1.0223701000213623,0.11062880605459213,27.61137580871582,11.566295623779297,6,12
PPO,24,1024,5024,6002,166.89214318734287,0.3,0.7,8.021694931983948,0.03246563673019409,0.008339885622262955,0.0,0.8233938261076941,2,0.225,13,1.0223701000213623,0.11062880605459213,27.61137580871582,11.566295623779297,6,12
PPO,24,1024,5024,6003,165.94894315224767,0.345,0.655,6.599287190437317,0.03247201442718506,0.008202837780117989,0.0,0.7848786028776427,2,0.295,12,1.0223701000213623,0.11062880605459213,27.61137580871582,11.566295623779297,6,12
PPO,24,1024,5024,6004,163.391977762996,0.305,0.6950000000000001,8.091596708297729,0.03230476379394531,0.007252933923155069,0.0,0.7727456899757468,2,0.295,12,1.0223701000213623,0.11062880605459213,27.61137580871582,11.566295623779297,6,12
PPO,24,1024,5024,6005,177.66649394255762,0.41,0.5900000000000001,3.6618540716171264,0.03277677297592163,0.01010267622768879,0.0,0.7145494627615353,2,0.375,13,1.0223701000213623,0.11062880605459213,27.61137580871582,11.566295623779297,6,12
PPO,25,1025,5025,6001,165.74410676772175,0.225,0.775,10.530660824775696,0.03378111124038696,0.008424817584455013,0.0,0.8133054843738148,2,0.27,13,1.0186731815338135,0.11492113769054413,22.651264190673828,13.031654357910156,4,13
PPO,25,1025,5025,6002,162.15026619250355,0.23,0.77,10.885032463073731,0.03367823362350464,0.007681211456656456,0.0,0.8267394885415754,2,0.215,13,1.0186731815338135,0.11492113769054413,22.651264190673828,13.031654357910156,4,13
PPO,25,1025,5025,6003,171.05003815466938,0.28,0.72,8.767414031028748,0.03399968147277832,0.009901764802634716,0.0,0.793590121009115,2,0.275,12,1.0186731815338135,0.11492113769054413,22.651264190673828,13.031654357910156,4,13
PPO,25,1025,5025,6004,165.97274934107838,0.255,0.745,9.910369911193847,0.033885061740875244,0.00911330059170723,0.0,0.7787700785277482,2,0.285,12,1.0186731815338135,0.11492113769054413,22.651264190673828,13.031654357910156,4,13
PPO,25,1025,5025,6005,181.99074174220144,0.34,0.6599999999999999,6.183211236000061,0.03433549404144287,0.01185118779540062,0.0,0.7284393534982704,2,0.35,14,1.0186731815338135,0.11492113769054413,22.651264190673828,13.031654357910156,4,13
PPO,26,1026,5026,6001,166.32923587086432,0.26,0.74,9.01117151260376,0.03345900774002075,0.009129173122346401,0.0,0.8271264936886888,2,0.255,13,0.9788110256195068,0.10390890389680862,23.724735260009766,10.494549751281738,7,12
PPO,26,1026,5026,6002,168.28636456730598,0.305,0.6950000000000001,7.87425217628479,0.03360050916671753,0.00988733023405075,0.0,0.8352766341632598,2,0.2,13,0.9788110256195068,0.10390890389680862,23.724735260009766,10.494549751281738,7,12
PPO,26,1026,5026,6003,166.975496094253,0.3,0.7,8.11359881401062,0.03353750705718994,0.009412896819412708,0.0,0.7968236485976388,2,0.265,12,0.9788110256195068,0.10390890389680862,23.724735260009766,10.494549751281738,7,12
PPO,26,1026,5026,6004,163.65779810192817,0.24,0.76,9.978687715530395,0.03339475393295288,0.00865965522825718,0.0,0.7787700785277482,2,0.285,12,0.9788110256195068,0.10390890389680862,23.724735260009766,10.494549751281738,7,12
PPO,26,1026,5026,6005,179.44742395880456,0.34,0.6599999999999999,6.08464213848114,0.033942341804504395,0.011983342468738556,0.0,0.7544678270444934,2,0.35,14,0.9788110256195068,0.10390890389680862,23.724735260009766,10.494549751281738,7,12
PPO,27,1027,5027,6001,156.15857664655795,0.185,0.815,12.604462871551513,0.0329744815826416,0.007394330110400915,0.0,0.8133054843738148,2,0.27,13,0.993180513381958,0.13159407675266266,26.019556045532227,15.891618728637695,10,5
PPO,27,1027,5027,6002,157.27550456832995,0.26,0.74,10.16714973449707,0.033049166202545166,0.00786175299435854,0.0,0.8258927390710433,2,0.22,13,0.993180513381958,0.13159407675266266,26.019556045532227,15.891618728637695,10,5
PPO,27,1027,5027,6003,155.6301854641353,0.205,0.795,11.939017162322997,0.03293687105178833,0.007224223576486111,0.0,0.794412748319268,2,0.275,12,0.993180513381958,0.13159407675266266,26.019556045532227,15.891618728637695,10,5
PPO,27,1027,5027,6004,155.26495085786928,0.2,0.8,12.179052896499634,0.032980382442474365,0.007467836141586304,0.0,0.7787700785277482,2,0.285,12,0.993180513381958,0.13159407675266266,26.019556045532227,15.891618728637695,10,5
PPO,27,1027,5027,6005,163.77829643320192,0.275,0.725,9.082059416770935,0.03315776586532593,0.008321634493768215,0.0,0.7183528669291571,2,0.37,13,0.993180513381958,0.13159407675266266,26.019556045532227,15.891618728637695,10,5
PPO,28,1028,5028,6001,154.67738073305043,0.325,0.675,7.848428583145141,0.03128546476364136,0.006027854513376951,0.0,0.8149589788880716,2,0.27,13,0.9997924566268921,0.09685518592596054,33.06700134277344,12.247822761535645,4,6
PPO,28,1028,5028,6002,157.75764109567552,0.345,0.655,6.875063662528992,0.03131216764450073,0.006151702255010605,0.0,0.8284750909292274,2,0.215,13,0.9997924566268921,0.09685518592596054,33.06700134277344,12.247822761535645,4,6
PPO,28,1028,5028,6003,160.00517265275866,0.355,0.645,6.31791654586792,0.03138542175292969,0.006563608534634113,0.0,0.7907574597710856,2,0.285,12,0.9997924566268921,0.09685518592596054,33.06700134277344,12.247822761535645,4,6
PPO,28,1028,5028,6004,153.1198962540999,0.29,0.71,8.791718497276307,0.03124678134918213,0.005887930281460285,0.0,0.7787700785277482,2,0.285,12,0.9997924566268921,0.09685518592596054,33.06700134277344,12.247822761535645,4,6
PPO,28,1028,5028,6005,163.5003822417632,0.325,0.675,6.8252867269515995,0.03155475854873657,0.00746630784124136,0.0,0.7412016266812287,2,0.36,14,0.9997924566268921,0.09685518592596054,33.06700134277344,12.247822761535645,4,6
PPO,29,1029,5029,6001,182.2540337194819,0.3,0.7,7.743370685577393,0.03422588109970093,0.01103213056921959,0.0,0.8221050472394361,2,0.265,13,0.9853554368019104,0.12101965397596359,32.52090072631836,13.71555233001709,13,11
PPO,29,1029,5029,6002,167.78934809822022,0.24,0.76,10.621858015060425,0.03368258476257324,0.007664143573492765,0.0,0.8284750909292274,2,0.215,13,0.9853554368019104,0.12101965397596359,32.52090072631836,13.71555233001709,13,11
PPO,29,1029,5029,6003,175.38037340778294,0.265,0.735,9.07285150527954,0.03398805856704712,0.009613658301532269,0.0,0.7961815068677524,2,0.275,12,0.9853554368019104,0.12101965397596359,32.52090072631836,13.71555233001709,13,11
PPO,29,1029,5029,6004,175.80863878864227,0.275,0.725,8.790264954566956,0.03407686948776245,0.010316341184079647,0.0,0.7787700785277482,2,0.285,12,0.9853554368019104,0.12101965397596359,32.52090072631836,13.71555233001709,13,11
PPO,29,1029,5029,6005,187.65979905742586,0.355,0.645,5.532601194381714,0.03441697359085083,0.01218971237540245,0.0,0.7442309170538167,2,0.36,14,0.9853554368019104,0.12101965397596359,32.52090072631836,13.71555233001709,13,11
