topology_index,topology_seed,task_seed,avg_rt,dmr,deadline_met_ratio,avg_reward,energy_depletion,load_imbalance,overload_ratio,action_entropy,dominant_node_share,active_nodes,capacity_mean,capacity_std,base_latency_mean,base_latency_std,method
0,1000,5000,173.22022414966852,0.309,0.6910000000000001,7.856412203788757,0.03398317098617554,0.008719788957387209,0.0,0.787618358659161,0.27999999999999997,12.8,1.0097980499267578,0.10068459808826447,27.775442123413086,13.147480964660645,PPO
1,1001,5001,174.36439537730584,0.281,0.719,8.690941827774047,0.035608959197998044,0.010797505639493466,0.0,0.7999401113201982,0.269,13.0,0.9503349661827087,0.12276194989681244,25.64352035522461,14.922945976257324,PPO
2,1002,5002,155.39712816713512,0.22599999999999998,0.774,10.978878442764282,0.03265116214752197,0.007193893752992153,0.0,0.7955085915602361,0.27599999999999997,12.8,0.99286949634552,0.10392937809228897,16.367368698120117,11.516507148742676,PPO
3,1003,5003,167.80529260678898,0.252,0.748,10.03910517501831,0.033836519718170165,0.008266576565802097,0.0,0.7851022496567259,0.28500000000000003,12.6,1.0135400295257568,0.1019202470779419,27.847463607788086,13.842494010925293,PPO
4,1004,5004,176.21114105571638,0.368,0.632,5.546108574867249,0.03360131978988647,0.00961393378674984,0.0,0.7968517444490898,0.271,12.8,0.9495022296905518,0.1065281331539154,31.878856658935547,13.19859790802002,PPO
5,1005,5005,165.89441754869256,0.302,0.698,8.04516284942627,0.03277554512023926,0.008125110156834125,0.0,0.7850791295160571,0.28700000000000003,12.6,1.018459439277649,0.11572973430156708,31.217418670654297,14.225573539733887,PPO
6,1006,5006,172.06101992922072,0.221,0.779,10.728172457695006,0.03482102155685425,0.01008079033344984,0.0,0.7914223777040349,0.279,12.8,1.0003132820129395,0.09188151359558105,26.501527786254883,14.984874725341797,PPO
7,1007,5007,166.89595777964755,0.29100000000000004,0.709,8.637903149604798,0.033893036842346194,0.007994633447378875,0.0,0.7897974794902097,0.27799999999999997,12.8,1.0107518434524536,0.11753574013710022,29.909183502197266,11.086420059204102,PPO
8,1008,5008,169.15386407443702,0.252,0.748,9.630596046447753,0.034235262870788576,0.010395282693207265,0.0,0.7894323854297087,0.277,12.8,0.9914172887802124,0.1260828971862793,23.91192626953125,10.554183959960938,PPO
9,1009,5009,166.22654061980725,0.27599999999999997,0.724,8.678205367088319,0.032714438438415525,0.009874134697020054,0.0,0.7997396615983158,0.271,13.0,0.9516079425811768,0.11650725454092026,27.384370803833008,12.43038558959961,PPO
10,1010,5010,163.04166323366027,0.21799999999999997,0.782,11.36348068523407,0.03432968854904175,0.007890116609632968,0.0,0.7818098127198315,0.28900000000000003,12.6,1.031708836555481,0.12871529161930084,21.582216262817383,14.331817626953125,PPO
11,1011,5011,158.51883767612694,0.213,0.787,11.400757199287415,0.03358386754989624,0.00919395089149475,0.0,0.7980789471969331,0.273,13.0,0.962928831577301,0.11947505921125412,23.72496795654297,11.74449348449707,PPO
12,1012,5012,160.10631990205147,0.24100000000000002,0.759,10.55815025806427,0.03303796052932739,0.008140671439468861,0.0,0.7855681294137904,0.286,12.6,1.0279382467269897,0.10506925731897354,26.343862533569336,10.959735870361328,PPO
13,1013,5013,169.90055638280205,0.328,0.6719999999999999,7.089532024383544,0.03225342035293579,0.007239235192537307,0.0,0.7836669746115075,0.28900000000000003,12.8,1.0259922742843628,0.10291386395692825,34.8514289855957,10.078688621520996,PPO
14,1014,5014,173.09586432566886,0.26399999999999996,0.736,9.556684359550477,0.034462785720825194,0.007869968563318253,0.0,0.7769438945456354,0.299,12.6,1.0395822525024414,0.07951273769140244,26.628482818603516,13.63117504119873,PPO
15,1015,5015,165.44705177260636,0.262,0.738,9.642806138038635,0.03390161991119385,0.00852775275707245,0.0,0.7964251589829318,0.271,12.8,0.9681740999221802,0.10702630877494812,32.24388122558594,11.274903297424316,PPO
16,1016,5016,176.1015831643111,0.341,0.659,6.560541741371155,0.0336665153503418,0.009153048414736987,0.0,0.7856972699693612,0.286,12.6,1.0134155750274658,0.0952966958284378,28.789396286010742,13.885133743286133,PPO
17,1017,5017,155.66098306569694,0.24,0.76,10.712352900505065,0.032904744148254395,0.0066359986551105974,0.0,0.7865643476314709,0.281,12.6,1.0260599851608276,0.11404351890087128,22.607328414916992,12.709726333618164,PPO
18,1018,5018,155.5143107252739,0.155,0.845,13.785651392936705,0.03386654853820801,0.007082216814160347,0.0,0.784249959018285,0.28700000000000003,12.6,1.0267916917800903,0.08280891180038452,20.847265243530273,10.831220626831055,PPO
19,1019,5019,160.3350775073138,0.221,0.779,11.163849396705627,0.03280054330825806,0.00786130763590336,0.0,0.7950437159559101,0.273,12.8,0.978085458278656,0.09809678047895432,32.49640655517578,15.348995208740234,PPO
20,1020,5020,179.64617287073148,0.355,0.645,5.986625790596008,0.03408424854278565,0.009724825248122215,0.0,0.7871526014397222,0.28500000000000003,12.8,0.9988888502120972,0.10780908912420273,34.2703857421875,11.242958068847656,PPO
21,1021,5021,158.56868582317585,0.257,0.743,9.957483590126037,0.0326418399810791,0.0062320871278643605,0.0,0.786527882554593,0.286,12.8,1.0105907917022705,0.12557491660118103,24.801219940185547,9.899833679199219,PPO
22,1022,5022,158.38069157452296,0.231,0.769,10.804960243225098,0.03261454105377197,0.008019287139177322,0.0,0.7720755481881959,0.305,12.4,1.0255731344223022,0.1121864914894104,31.902793884277344,13.232260704040527,PPO
23,1023,5023,156.5109019633779,0.20400000000000001,0.796,11.894078127861023,0.03300076723098755,0.007780046109110117,0.0,0.7886621351509477,0.279,12.8,1.005757451057434,0.11247475445270538,26.925823211669922,13.057573318481445,PPO
24,1024,5024,168.4596246584046,0.33199999999999996,0.6679999999999999,6.824190502166748,0.032507789134979245,0.008482414577156306,0.0,0.7801847551630906,0.295,12.6,1.0223701000213623,0.11062880605459213,27.61137580871582,11.566295623779297,PPO
25,1025,5025,169.3815804396349,0.266,0.734,9.255337693214416,0.033935916423797605,0.009394456446170808,0.0,0.7881689051901047,0.279,12.8,1.0186731815338135,0.11492113769054413,22.651264190673828,13.031654357910156,PPO
26,1026,5026,168.93926371863122,0.28900000000000003,0.711,8.212470471382142,0.0335868239402771,0.009814479574561118,0.0,0.7984929364043658,0.271,12.8,0.9788110256195068,0.10390890389680862,23.724735260009766,10.494549751281738,PPO
27,1027,5027,157.62150279401888,0.225,0.775,11.19434841632843,0.033019733428955075,0.0076539554633200165,0.0,0.7861467834442063,0.284,12.6,0.993180513381958,0.13159407675266266,26.019556045532227,15.891618728637695,PPO
28,1028,5028,157.81209459546955,0.32799999999999996,0.672,7.331682803153993,0.0313569188117981,0.006419480685144663,0.0,0.7908326469594723,0.28300000000000003,12.8,0.9997924566268921,0.09685518592596054,33.06700134277344,12.247822761535645,PPO
29,1029,5029,177.77843861431063,0.28700000000000003,0.713,8.352189270973206,0.03407807350158691,0.010163197200745345,0.0,0.7939525281235962,0.27999999999999997,12.8,0.9853554368019104,0.12101965397596359,32.52090072631836,13.71555233001709,PPO
