task_seed,avg_reward,avg_rt,dmr,deadline_met_ratio,energy_depletion,load_imbalance,overload_ratio,action_entropy,dominant_node_share
100,12.285460740089416,165.05782885358218,0.192,0.808,0.03493607044219971,0.007593803200870752,0.0,0.7751820827519594,0.301
101,12.20600498008728,149.80178617233878,0.199,0.8009999999999999,0.03167546987533569,0.00578151922672987,0.0,0.7750155334815441,0.302
102,11.81464347076416,160.0164920735138,0.20800000000000002,0.792,0.03402013778686523,0.006949718948453665,0.0,0.775705957621766,0.3
103,10.582583217620849,155.02107803261688,0.24,0.76,0.03268365859985352,0.006518444791436195,0.0,0.7751820827519594,0.301
104,12.393579211235046,157.9540700777078,0.191,0.8089999999999999,0.033499836921691895,0.006696231197565794,0.0,0.7747361546515753,0.302
105,10.59414421081543,150.99817165595667,0.242,0.758,0.03165328502655029,0.005881516728550196,0.0,0.7754614615819282,0.301
106,11.243330011367798,155.36177450376525,0.22800000000000004,0.772,0.03318878412246704,0.006383993197232485,0.0,0.7754614615819282,0.301
107,11.724364171981811,156.98707079940695,0.211,0.789,0.03318719863891602,0.006679190322756767,0.0,0.7754614615819282,0.301
108,12.229261764526367,158.3730635117923,0.194,0.806,0.033636939525604245,0.006746330298483372,0.0,0.7751820827519594,0.301
109,12.169771352767944,153.8482308785373,0.196,0.8039999999999999,0.032295167446136475,0.0065205803140997885,0.0,0.7750155334815441,0.302
110,12.167070895195007,154.43109303578993,0.199,0.8009999999999999,0.032678651809692386,0.0063014479354023935,0.0,0.7755807183560257,0.301
111,11.220887351036072,158.24735642531599,0.223,0.7769999999999999,0.033460032939910886,0.006805679854005575,0.0,0.7751820827519594,0.301
112,11.597099891662598,153.79888567060195,0.21600000000000003,0.784,0.03252809047698975,0.006360258068889379,0.0,0.7747361546515753,0.302
113,11.508022198677063,156.94974488952553,0.21600000000000003,0.784,0.033325791358947754,0.00652820710092783,0.0,0.775705957621766,0.3
114,12.936778141021728,157.36064405141977,0.17200000000000001,0.828,0.033218753337860105,0.006721966713666916,0.0,0.7747361546515753,0.302
115,11.126699252128601,160.18493451963568,0.229,0.771,0.03413897752761841,0.0070522472262382506,0.0,0.7754614615819282,0.301
116,10.942788884162903,155.93303726454994,0.22999999999999998,0.77,0.03280929327011108,0.00662852842360735,0.0,0.7751820827519594,0.301
117,12.021812292099,158.06874496111436,0.2,0.8,0.03337827920913696,0.006860975828021765,0.0,0.7754614615819282,0.301
118,13.403829950332641,162.2186387411606,0.16499999999999998,0.835,0.034574294090271,0.0072494993917644026,0.0,0.7760189527878703,0.3
119,11.50077889728546,158.25230049609246,0.21600000000000003,0.784,0.03356027603149414,0.006847453210502863,0.0,0.7754614615819282,0.301
120,11.31195030593872,157.0693044215706,0.22199999999999998,0.778,0.03319761753082275,0.006570858135819435,0.0,0.7760189527878703,0.3
121,12.561883094787598,159.2690718642961,0.183,0.817,0.034067738056182864,0.006799378897994757,0.0,0.7757395739579016,0.3
122,11.15719284248352,153.01190980842264,0.22800000000000004,0.772,0.03248076438903809,0.006280517578125,0.0,0.7751820827519594,0.301
123,12.21229043674469,158.1165096936961,0.20099999999999998,0.799,0.03367328643798828,0.0066865022294223305,0.0,0.7747361546515753,0.302
124,12.517770035743712,157.2663541986262,0.186,0.8140000000000001,0.03311896324157715,0.006926790717989207,0.0,0.7760189527878703,0.3
125,11.67250400352478,155.91656585796414,0.211,0.789,0.03284157514572143,0.006594379339367152,0.0,0.7751820827519594,0.301
126,11.766996905326844,157.90138279979138,0.209,0.791,0.03356926441192627,0.006680599227547645,0.0,0.7757395739579016,0.3
127,12.104425722122192,154.76205912876708,0.2,0.8,0.03292324542999268,0.006259112060070038,0.0,0.7754614615819282,0.301
128,12.789059525489808,160.13487962081777,0.181,0.819,0.03427606821060181,0.0069921744987368585,0.0,0.7753013395260571,0.301
129,12.154681089401246,153.23138514530632,0.2,0.8,0.03233652114868164,0.006108705699443817,0.0,0.7750155334815441,0.302
