task_seed,policy_seed,avg_reward,avg_rt,dmr,deadline_met_ratio,energy_depletion,load_imbalance,overload_ratio,action_entropy,dominant_node_share
100,6001,13.61315957069397,162.51306998679524,0.155,0.845,0.03485596179962158,0.007216617930680513,0.0,0.7990812467321738,0.29
100,6002,12.236158156394959,165.6166257042635,0.195,0.8049999999999999,0.03497534990310669,0.007811614312231541,0.0,0.8153056765304265,0.24
100,6003,12.483208765983582,161.7340193075884,0.19,0.81,0.034878551959991455,0.007281220983713865,0.0,0.7814989396560972,0.3
100,6004,12.867997183799744,165.5300968975771,0.175,0.825,0.03492331504821777,0.0075297667644917965,0.0,0.7685218834158304,0.295
100,6005,10.226780023574829,169.89533237168675,0.245,0.755,0.035047173500061035,0.008129796013236046,0.0,0.7115026674252696,0.38
101,6001,13.526505093574524,148.60448539728765,0.16,0.84,0.031650662422180176,0.0056968261487782,0.0,0.8004781408820173,0.29
101,6002,10.797169370651245,151.10949894423132,0.24,0.76,0.031699419021606445,0.005933926906436682,0.0,0.8130760360285058,0.245
101,6003,13.71257348537445,146.8815785574401,0.16,0.84,0.031644344329833984,0.005598326213657856,0.0,0.7814989396560972,0.3
101,6004,12.017087216377258,149.92792213911656,0.205,0.795,0.031668007373809814,0.0057103270664811134,0.0,0.7685218834158304,0.295
101,6005,10.976689734458922,152.48544582361822,0.23,0.77,0.03171491622924805,0.005968189798295498,0.0,0.7115026674252696,0.38
102,6001,13.427006540298462,158.1143669600266,0.165,0.835,0.03399866819381714,0.00690722931176424,0.0,0.7990812467321738,0.29
102,6002,11.336831450462341,158.81829319427186,0.225,0.775,0.03397023677825928,0.006631203927099705,0.0,0.8179250508794593,0.235
102,6003,13.196030950546264,157.24623551795656,0.165,0.835,0.033943355083465576,0.006511328276246786,0.0,0.7814989396560972,0.3
102,6004,11.956507177352906,158.76295028875046,0.21,0.79,0.03398942947387695,0.006844435818493366,0.0,0.7685218834158304,0.295
102,6005,9.156841235160828,167.14061440656357,0.275,0.725,0.03419899940490723,0.007854397408664227,0.0,0.7115026674252696,0.38
103,6001,11.312224769592286,151.83954380190778,0.225,0.775,0.032607853412628174,0.006123681552708149,0.0,0.7990812467321738,0.29
103,6002,10.327278938293457,155.80359056866575,0.245,0.755,0.03271949291229248,0.006711574271321297,0.0,0.8153056765304265,0.24
103,6003,10.36840530872345,155.12309302723816,0.245,0.755,0.03268986940383911,0.006491818465292454,0.0,0.7814989396560972,0.3
103,6004,11.957350473403931,150.9759666291516,0.21,0.79,0.03254014253616333,0.005863581784069538,0.0,0.7685218834158304,0.295
103,6005,8.947656598091125,161.36319613612105,0.275,0.725,0.03286093473434448,0.007401567883789539,0.0,0.7115026674252696,0.38
104,6001,13.31302486896515,155.61398441152815,0.17,0.83,0.033445775508880615,0.006384171079844236,0.0,0.7990812467321738,0.29
104,6002,12.500023212432861,156.48692511873486,0.19,0.81,0.033463239669799805,0.006467736791819334,0.0,0.8130760360285058,0.245
104,6003,12.960736727714538,155.07790338115933,0.175,0.825,0.03345233201980591,0.006452633533626795,0.0,0.7814989396560972,0.3
104,6004,12.370249066352844,159.10109237747434,0.19,0.81,0.03351294994354248,0.006817016750574112,0.0,0.7685218834158304,0.295
104,6005,10.823862180709838,163.4904450996423,0.23,0.77,0.033624887466430664,0.007359597831964493,0.0,0.7115026674252696,0.38
105,6001,11.565542230606079,149.07335507470742,0.215,0.785,0.03160768747329712,0.005682681687176228,0.0,0.8004781408820173,0.29
105,6002,9.991062779426574,150.17193182784692,0.265,0.735,0.03162801265716553,0.005747314542531967,0.0,0.8153056765304265,0.24
105,6003,12.283153586387634,148.28540347654,0.195,0.8049999999999999,0.03161215782165527,0.0057258643209934235,0.0,0.7814989396560972,0.3
105,6004,10.135121817588805,152.52822841722147,0.255,0.745,0.03167927265167236,0.005946744233369827,0.0,0.7685218834158304,0.295
105,6005,8.995840640068055,154.93193948346752,0.28,0.72,0.03173929452896118,0.006304978858679533,0.0,0.7115026674252696,0.38
106,6001,13.14882806777954,154.01265789514554,0.17,0.83,0.03314363956451416,0.006245092023164034,0.0,0.8004781408820173,0.29
106,6002,10.724594769477845,155.48680720811856,0.245,0.755,0.03316187858581543,0.0062317312695086,0.0,0.8153056765304265,0.24
106,6003,11.673467588424682,152.65023162609114,0.22,0.78,0.03316795825958252,0.006218575872480869,0.0,0.7814989396560972,0.3
106,6004,11.305964665412903,154.4015223575212,0.23,0.77,0.033154308795928955,0.0061585200019180775,0.0,0.7685218834158304,0.295
106,6005,9.363794965744018,160.25765343194973,0.275,0.725,0.03331613540649414,0.007066046819090843,0.0,0.7115026674252696,0.38
107,6001,10.662534928321838,157.33797044044394,0.245,0.755,0.03319936990737915,0.006763490382581949,0.0,0.8004781408820173,0.29
107,6002,12.820721845626831,154.1537294149961,0.18,0.8200000000000001,0.033064067363739014,0.006095730699598789,0.0,0.8153056765304265,0.24
107,6003,14.026231026649475,150.96323537593742,0.15,0.85,0.03303462266921997,0.005878080148249865,0.0,0.7814989396560972,0.3
107,6004,10.722088365554809,159.15242003208058,0.24,0.76,0.03326261043548584,0.007068987935781479,0.0,0.7685218834158304,0.295
107,6005,10.390244693756104,163.32799873357672,0.24,0.76,0.033375322818756104,0.0075896624475717545,0.0,0.7115026674252696,0.38
108,6001,11.966861600875854,157.2234925984775,0.205,0.795,0.0335959792137146,0.00652140099555254,0.0,0.7990812467321738,0.29
108,6002,12.806146855354308,157.07315299028505,0.18,0.8200000000000001,0.033565402030944824,0.006388689391314983,0.0,0.8153056765304265,0.24
108,6003,12.552628893852233,155.39233762735475,0.19,0.81,0.033604323863983154,0.006647284608334303,0.0,0.7814989396560972,0.3
108,6004,12.657014517784118,158.4625912069713,0.18,0.8200000000000001,0.0336155891418457,0.006623557768762112,0.0,0.7685218834158304,0.295
108,6005,11.16365695476532,163.71374313587296,0.215,0.785,0.03380340337753296,0.007550718728452921,0.0,0.7115026674252696,0.38
109,6001,13.505888166427612,153.08121657246886,0.155,0.845,0.032302916049957275,0.006684554275125265,0.0,0.8004781408820173,0.29
109,6002,12.708652958869934,150.8981114708835,0.185,0.815,0.03217172622680664,0.00589047372341156,0.0,0.8130760360285058,0.245
109,6003,12.486898126602172,149.53972964639007,0.195,0.8049999999999999,0.03217881917953491,0.005866691470146179,0.0,0.7814989396560972,0.3
109,6004,11.570511336326598,154.40492466801942,0.215,0.785,0.03227519989013672,0.0064332140609622,0.0,0.7685218834158304,0.295
109,6005,10.576906175613404,161.31717203492462,0.23,0.77,0.032547175884246826,0.007727968040853739,0.0,0.7115026674252696,0.38
110,6001,12.354594902992249,153.8015256529774,0.195,0.8049999999999999,0.03267008066177368,0.006381396669894457,0.0,0.8004781408820173,0.29
110,6002,11.303765621185303,155.91742848214764,0.22,0.78,0.03269428014755249,0.006345987319946289,0.0,0.8159019604009146,0.24
110,6003,13.14446630001068,152.1851895075764,0.175,0.825,0.032660841941833496,0.006180829834192991,0.0,0.7814989396560972,0.3
110,6004,13.0845702791214,152.2497974902119,0.175,0.825,0.032605111598968506,0.005954416934400797,0.0,0.7685218834158304,0.295
110,6005,10.947957372665405,158.00152404603622,0.23,0.77,0.03276294469833374,0.006644608918577433,0.0,0.7115026674252696,0.38
111,6001,13.260113000869751,155.3222150988885,0.17,0.83,0.03339993953704834,0.006532999686896801,0.0,0.7990812467321738,0.29
111,6002,10.362545084953307,157.9903108401605,0.25,0.75,0.033403635025024414,0.00652678357437253,0.0,0.8153056765304265,0.24
111,6003,11.754084949493409,157.5610829563447,0.205,0.795,0.033459365367889404,0.006811239756643772,0.0,0.7814989396560972,0.3
111,6004,12.174943418502808,156.7955575509378,0.195,0.8049999999999999,0.033399105072021484,0.006592913996428251,0.0,0.7685218834158304,0.295
111,6005,8.552750301361083,163.56761568024837,0.295,0.7050000000000001,0.0336381196975708,0.0075644622556865215,0.0,0.7115026674252696,0.38
112,6001,12.098009090423584,152.20062510818207,0.205,0.795,0.032466351985931396,0.006128385663032532,0.0,0.7990812467321738,0.29
112,6002,9.921520800590516,154.97514400809968,0.265,0.735,0.03254854679107666,0.006444558035582304,0.0,0.8130760360285058,0.245
112,6003,12.99920512676239,151.85430897086823,0.175,0.825,0.03253728151321411,0.006423269398510456,0.0,0.7814989396560972,0.3
112,6004,10.83532361984253,154.9302271613475,0.24,0.76,0.03252208232879639,0.006364503409713507,0.0,0.7685218834158304,0.295
112,6005,12.13144082069397,155.03412310451233,0.195,0.8049999999999999,0.032566189765930176,0.006440573837608099,0.0,0.7115026674252696,0.38
113,6001,11.038098497390747,156.092803874282,0.23,0.77,0.033291518688201904,0.006366759538650513,0.0,0.7990812467321738,0.29
113,6002,11.806971926689148,155.22038898256218,0.21,0.79,0.03326880931854248,0.0062684668228030205,0.0,0.8179250508794593,0.235
113,6003,12.42012273311615,155.1379588177482,0.19,0.81,0.03330272436141968,0.006454052869230509,0.0,0.7814989396560972,0.3
113,6004,12.932913007736206,155.8488849547187,0.175,0.825,0.0332714319229126,0.006256437394768,0.0,0.7685218834158304,0.295
113,6005,9.342004828453064,162.44868781831659,0.275,0.725,0.03349447250366211,0.007295318879187107,0.0,0.7115026674252696,0.38
114,6001,13.08765788078308,155.15091286407616,0.17,0.83,0.03313499689102173,0.006355232559144497,0.0,0.7990812467321738,0.29
114,6002,12.44785408973694,158.87917666898872,0.18,0.8200000000000001,0.033214688301086426,0.006743155885487795,0.0,0.8130760360285058,0.245
114,6003,14.04169225692749,156.87217713819652,0.14,0.86,0.033275723457336426,0.006989413872361183,0.0,0.7814989396560972,0.3
114,6004,13.210059871673584,155.13202628360895,0.17,0.83,0.03313475847244263,0.006427277345210314,0.0,0.7685218834158304,0.295
114,6005,11.89662660598755,160.76892730222846,0.2,0.8,0.03333359956741333,0.007094753906130791,0.0,0.7115026674252696,0.38
115,6001,12.295253624916077,156.34644057785178,0.2,0.8,0.0340195894241333,0.006481997203081846,0.0,0.8004781408820173,0.29
115,6002,10.02633804321289,162.38617727075723,0.26,0.74,0.034193575382232666,0.007311874069273472,0.0,0.8153056765304265,0.24
115,6003,11.416268305778503,158.23666300569678,0.225,0.775,0.03412473201751709,0.006966782733798027,0.0,0.7814989396560972,0.3
115,6004,12.402545189857483,157.65261085544728,0.195,0.8049999999999999,0.03403592109680176,0.006587289739400148,0.0,0.7685218834158304,0.295
115,6005,9.493091096878052,166.30278088842536,0.265,0.735,0.03432106971740723,0.00791329238563776,0.0,0.7115026674252696,0.38
116,6001,11.439951238632203,151.41601754590295,0.22,0.78,0.03266775608062744,0.005981912836432457,0.0,0.7990812467321738,0.29
116,6002,11.035632772445679,156.89329713269493,0.225,0.775,0.032843828201293945,0.006803507916629314,0.0,0.8153056765304265,0.24
116,6003,10.249482531547546,154.15370913668892,0.255,0.745,0.03277909755706787,0.006471422966569662,0.0,0.7814989396560972,0.3
116,6004,11.172094235420227,154.8407175700309,0.225,0.775,0.03274178504943848,0.006281290668994188,0.0,0.7685218834158304,0.295
116,6005,10.81678364276886,162.36144493743203,0.225,0.775,0.033013999462127686,0.007604507729411125,0.0,0.7115026674252696,0.38
117,6001,13.23588156223297,156.48428224119706,0.17,0.83,0.033363938331604004,0.006847327575087547,0.0,0.8004781408820173,0.29
117,6002,12.257927079200744,156.56523321423097,0.195,0.8049999999999999,0.03331637382507324,0.006550298538058996,0.0,0.8153056765304265,0.24
117,6003,11.620041580200196,158.33125973257586,0.205,0.795,0.033395588397979736,0.006867717485874891,0.0,0.7814989396560972,0.3
117,6004,12.034093642234803,157.66174746069476,0.2,0.8,0.03332120180130005,0.006606487091630697,0.0,0.7685218834158304,0.295
117,6005,10.961117596626282,161.3012021568732,0.23,0.77,0.03349429368972778,0.007433048449456692,0.0,0.7115026674252696,0.38
118,6001,14.827117190361022,157.83256731763,0.125,0.875,0.034415483474731445,0.006514943670481443,0.0,0.8004781408820173,0.29
118,6002,12.808971285820007,163.27701954617615,0.185,0.815,0.03461414575576782,0.0074104489758610725,0.0,0.8180931325601372,0.235
118,6003,13.536129689216613,161.01947166457293,0.165,0.835,0.034586191177368164,0.007309094537049532,0.0,0.7814989396560972,0.3
118,6004,13.59055640220642,160.03027386918183,0.165,0.835,0.03446924686431885,0.006764439400285482,0.0,0.7685218834158304,0.295
118,6005,12.256375184059143,168.933861308242,0.185,0.815,0.0347864031791687,0.008248570375144482,0.0,0.7115026674252696,0.38
119,6001,11.309056315422058,157.08257557772697,0.225,0.775,0.033537983894348145,0.006730786059051752,0.0,0.8004781408820173,0.29
119,6002,11.232966046333313,157.65299523734154,0.23,0.77,0.03355276584625244,0.006751097273081541,0.0,0.8153056765304265,0.24
119,6003,12.81174870967865,152.85956009291712,0.185,0.815,0.033435165882110596,0.006215838249772787,0.0,0.7814989396560972,0.3
119,6004,12.348247785568237,158.40604850434366,0.19,0.81,0.0335426926612854,0.006814802996814251,0.0,0.7685218834158304,0.295
119,6005,9.801875629425048,165.260323068133,0.25,0.75,0.03373277187347412,0.0077247414737939835,0.0,0.7115026674252696,0.38
120,6001,11.749838290214539,155.030644753125,0.215,0.785,0.033175885677337646,0.0064896815456449986,0.0,0.8004781408820173,0.29
120,6002,11.981667857170105,154.2468212081459,0.205,0.795,0.03309434652328491,0.0060426159761846066,0.0,0.8180931325601372,0.235
120,6003,12.73240825176239,155.94737367167738,0.18,0.8200000000000001,0.03321009874343872,0.006604366470128298,0.0,0.7814989396560972,0.3
120,6004,11.450331544876098,155.65769943967132,0.22,0.78,0.033103108406066895,0.006163899786770344,0.0,0.7685218834158304,0.295
120,6005,8.64550558567047,164.46398303523333,0.29,0.71,0.033404648303985596,0.007553726900368929,0.0,0.7115026674252696,0.38
121,6001,13.211174821853637,155.8065916878473,0.175,0.825,0.03398621082305908,0.006518622860312462,0.0,0.7990812467321738,0.29
121,6002,12.277396445274354,160.22554811780566,0.19,0.81,0.034094810485839844,0.006925798486918211,0.0,0.8180931325601372,0.235
121,6003,13.718887901306152,155.8016174251329,0.155,0.845,0.03400498628616333,0.00642708595842123,0.0,0.7814989396560972,0.3
121,6004,12.912629437446594,158.8344430763017,0.17,0.83,0.03402167558670044,0.006605186499655247,0.0,0.7685218834158304,0.295
121,6005,10.68932686805725,165.677159014393,0.225,0.775,0.03423100709915161,0.007520200684666634,0.0,0.7115026674252696,0.38
122,6001,11.675998578071594,151.10743661620768,0.215,0.785,0.0324091911315918,0.005983130540698767,0.0,0.7990812467321738,0.29
122,6002,12.436754026412963,150.66103475310953,0.195,0.8049999999999999,0.03241676092147827,0.00600067712366581,0.0,0.8153056765304265,0.24
122,6003,11.700430455207824,151.3792406342283,0.21,0.79,0.03244054317474365,0.006065672729164362,0.0,0.7814989396560972,0.3
122,6004,11.076300258636474,153.02230146148355,0.23,0.77,0.03244870901107788,0.006132134702056646,0.0,0.7685218834158304,0.295
122,6005,8.896480894088745,158.88953557708413,0.29,0.71,0.03268861770629883,0.007220972795039415,0.0,0.7115026674252696,0.38
123,6001,12.913916873931885,155.3853162370463,0.19,0.81,0.03360110521316528,0.006284797098487616,0.0,0.7990812467321738,0.29
123,6002,12.797288875579834,157.5246739207049,0.18,0.8200000000000001,0.03364694118499756,0.00654645124450326,0.0,0.8130760360285058,0.245
123,6003,11.861382155418395,159.6586793719073,0.205,0.795,0.03375965356826782,0.007176036946475506,0.0,0.7814989396560972,0.3
123,6004,12.93484335899353,157.08436426503857,0.18,0.8200000000000001,0.033595383167266846,0.006384248845279217,0.0,0.7685218834158304,0.295
123,6005,10.554020919799804,160.9295146737834,0.25,0.75,0.033763349056243896,0.0070409770123660564,0.0,0.7115026674252696,0.38
124,6001,12.927135777473449,154.9392214195048,0.175,0.825,0.03300207853317261,0.006420482415705919,0.0,0.8004781408820173,0.29
124,6002,13.083557019233703,154.98876677196378,0.175,0.825,0.03302425146102905,0.0063427891582250595,0.0,0.8180931325601372,0.235
124,6003,13.83745403766632,154.713396977595,0.155,0.845,0.03311967849731445,0.006893239449709654,0.0,0.7814989396560972,0.3
124,6004,12.199501891136169,156.55333438318124,0.19,0.81,0.03301745653152466,0.006402021739631891,0.0,0.7685218834158304,0.295
124,6005,10.541201453208924,165.1370514408862,0.235,0.765,0.03343135118484497,0.008575420826673508,0.0,0.7115026674252696,0.38
125,6001,11.651433544158936,156.69487300308288,0.215,0.785,0.032908082008361816,0.0069335089065134525,0.0,0.7990812467321738,0.29
125,6002,11.347272672653197,155.62991948516904,0.215,0.785,0.03280693292617798,0.006487512495368719,0.0,0.8153056765304265,0.24
125,6003,12.704948210716248,151.80752100380002,0.185,0.815,0.03273177146911621,0.006036404520273209,0.0,0.7814989396560972,0.3
125,6004,11.549828910827637,157.30027457149563,0.215,0.785,0.03288072347640991,0.006734753958880901,0.0,0.7685218834158304,0.295
125,6005,11.109036679267883,158.15024122627318,0.225,0.775,0.03288036584854126,0.006779716815799475,0.0,0.7115026674252696,0.38
126,6001,12.202774176597595,157.15487416188626,0.195,0.8049999999999999,0.03354114294052124,0.0065901619382202625,0.0,0.7990812467321738,0.29
126,6002,12.405981273651124,155.9110921446553,0.195,0.8049999999999999,0.03349125385284424,0.006239000707864761,0.0,0.8180931325601372,0.235
126,6003,13.540378875732422,154.09027596394924,0.165,0.835,0.033540546894073486,0.006562886759638786,0.0,0.7814989396560972,0.3
126,6004,11.002862591743469,159.08121594588664,0.23,0.77,0.033562541007995605,0.006650627125054598,0.0,0.7685218834158304,0.295
126,6005,9.682987608909606,163.26945578257948,0.26,0.74,0.03371083736419678,0.00736031960695982,0.0,0.7115026674252696,0.38
127,6001,12.98965380191803,152.33070499420745,0.18,0.8200000000000001,0.03284960985183716,0.005896919872611761,0.0,0.8004781408820173,0.29
127,6002,12.103072123527527,153.74891774416548,0.205,0.795,0.03289997577667236,0.006155047565698624,0.0,0.8153056765304265,0.24
127,6003,13.347137866020203,152.77761123896224,0.165,0.835,0.03291761875152588,0.00621714536100626,0.0,0.7814989396560972,0.3
127,6004,13.030708818435668,153.88495626927,0.175,0.825,0.032875001430511475,0.005998861975967884,0.0,0.7685218834158304,0.295
127,6005,9.051556000709533,161.0681053972302,0.275,0.725,0.033074021339416504,0.0070275855250656605,0.0,0.7115026674252696,0.38
128,6001,12.605199217796326,159.3936325381075,0.19,0.81,0.034278035163879395,0.00703437440097332,0.0,0.7990812467321738,0.29
128,6002,12.826288924217224,160.90332999446736,0.175,0.825,0.03428107500076294,0.0070546530187129974,0.0,0.8159019604009146,0.24
128,6003,13.371475825309753,158.09022890069826,0.165,0.835,0.034255266189575195,0.006875926163047552,0.0,0.7814989396560972,0.3
128,6004,13.349403686523438,158.5037622068201,0.165,0.835,0.034185051918029785,0.006627831608057022,0.0,0.7685218834158304,0.295
128,6005,11.792929973602295,163.78344446399558,0.21,0.79,0.03438091278076172,0.0073680873028934,0.0,0.7115026674252696,0.38
129,6001,13.886419396400452,148.27767682325816,0.155,0.845,0.03219538927078247,0.005485321395099163,0.0,0.8004781408820173,0.29
129,6002,11.941671290397643,152.7714718486068,0.21,0.79,0.03233647346496582,0.006102250888943672,0.0,0.8130760360285058,0.245
129,6003,12.926311168670654,149.78084220898126,0.18,0.8200000000000001,0.03225153684616089,0.005671084392815828,0.0,0.7814989396560972,0.3
129,6004,11.738792142868043,155.66680485260463,0.21,0.79,0.03237539529800415,0.006307588424533606,0.0,0.7685218834158304,0.295
129,6005,10.280211448669434,159.66012999308086,0.245,0.755,0.03252381086349487,0.0069772833958268166,0.0,0.7115026674252696,0.38
