run,task_seed,method,avg_rt,dmr,deadline_met_ratio,overload_ratio,avg_reward,energy_depletion,final_avg_energy,load_imbalance
1,100,Vanilla DQN,151.47840568730717,0.09,0.91,0.0,16.39869622707367,0.03457975387573242,0.9976946711540222,0.005871437955647707
2,101,Vanilla DQN,140.45105073685292,0.11,0.89,0.0,15.59146918773651,0.031456053256988525,0.9979029297828674,0.00468437047675252
3,102,Vanilla DQN,148.42518519828494,0.09,0.91,0.0,16.336985330581665,0.03373062610626221,0.9977512955665588,0.005509260110557079
4,103,Vanilla DQN,144.37964863932538,0.145,0.855,0.0,14.44004578590393,0.03242635726928711,0.9978381991386414,0.005159984342753887
5,104,Vanilla DQN,146.48922219114544,0.085,0.915,0.0,16.54551112174988,0.03323376178741455,0.997784435749054,0.005375515669584274
6,105,Vanilla DQN,140.61515097695963,0.145,0.855,0.0,14.414831547737121,0.031380653381347656,0.9979079365730286,0.00458939652889967
7,106,Vanilla DQN,146.1862014151193,0.12,0.88,0.0,15.235410919189453,0.032967329025268555,0.9978021383285522,0.005275157280266285
8,107,Vanilla DQN,145.44230446105857,0.115,0.885,0.0,15.525881242752074,0.03289759159088135,0.9978068470954895,0.005243001971393824
9,108,Vanilla DQN,147.85466659063448,0.13,0.87,0.0,15.02211588859558,0.03336530923843384,0.997775673866272,0.005395044106990099
10,109,Vanilla DQN,142.80588611716567,0.13,0.87,0.0,15.008337693214417,0.03199148178100586,0.9978672862052917,0.004976791329681873
11,110,Vanilla DQN,143.76060724076885,0.1,0.9,0.0,15.923941898345948,0.03241032361984253,0.9978393316268921,0.004980185534805059
12,111,Vanilla DQN,146.52543388560497,0.145,0.855,0.0,14.480628862380982,0.03316986560821533,0.997788667678833,0.005380198359489441
13,112,Vanilla DQN,142.8545876821872,0.135,0.865,0.0,14.813881049156189,0.0322454571723938,0.9978502988815308,0.004973721690475941
14,113,Vanilla DQN,146.31385011461174,0.105,0.895,0.0,15.720290040969848,0.03307497501373291,0.9977949857711792,0.005309045314788818
15,114,Vanilla DQN,145.18746283041145,0.085,0.915,0.0,16.57299859046936,0.0329279899597168,0.9978047609329224,0.005228732712566853
16,115,Vanilla DQN,148.6281566337218,0.115,0.885,0.0,15.511255598068237,0.033849239349365234,0.9977434277534485,0.005624573677778244
17,116,Vanilla DQN,144.64234677239676,0.135,0.865,0.0,14.708886551856995,0.03251749277114868,0.997832179069519,0.005150040611624718
18,117,Vanilla DQN,146.4419929698424,0.105,0.895,0.0,15.751310539245605,0.033078908920288086,0.9977947473526001,0.005364828743040562
19,118,Vanilla DQN,150.8417688800346,0.07,0.9299999999999999,0.0,17.137443170547485,0.03428542613983154,0.9977143406867981,0.005825825966894627
20,119,Vanilla DQN,147.5022257580668,0.155,0.845,0.0,14.19082269668579,0.03327822685241699,0.9977814555168152,0.005455991253256798
21,120,Vanilla DQN,145.90666390910417,0.12,0.88,0.0,15.245738697052001,0.03290152549743652,0.9978065490722656,0.005148387048393488
22,121,Vanilla DQN,149.1011969811212,0.13,0.87,0.0,14.955098567008973,0.03384387493133545,0.9977437257766724,0.005688368808478117
23,122,Vanilla DQN,143.5739772651449,0.145,0.855,0.0,14.417295660972595,0.0322495698928833,0.9978500604629517,0.005134223494678736
24,123,Vanilla DQN,147.8930587659617,0.12,0.88,0.0,15.285848841667175,0.0334087610244751,0.997772753238678,0.005405247211456299
25,124,Vanilla DQN,146.3509919015681,0.115,0.885,0.0,15.508525042533874,0.03280609846115112,0.9978129267692566,0.005298980511724949
26,125,Vanilla DQN,144.12759245546403,0.125,0.875,0.0,15.096462988853455,0.032553672790527344,0.9978297352790833,0.005155159626156092
27,126,Vanilla DQN,147.4299383227101,0.13,0.87,0.0,14.936686692237855,0.033307671546936035,0.9977795481681824,0.005369080696254969
28,127,Vanilla DQN,144.95415576220137,0.155,0.845,0.0,14.198681888580323,0.03269988298416138,0.9978199601173401,0.005143313203006983
29,128,Vanilla DQN,150.05757090547428,0.11,0.89,0.0,15.65316276550293,0.03402131795883179,0.9977319240570068,0.0057382239028811455
30,129,Vanilla DQN,143.31664974224543,0.115,0.885,0.0,15.47577970981598,0.032076358795166016,0.9978615641593933,0.004847526550292969
