task_seed,avg_rt,dmr,deadline_met_ratio,avg_reward,energy_depletion,load_imbalance,overload_ratio,action_entropy,dominant_node_share,active_nodes,scenario,method
100,148.1987131685961,0.08,0.92,16.704016461372376,0.0366593599319458,0.011901967227458954,0.0,0.6625269416287325,0.145,22.0,Stationary,ADDQN
101,136.55249519819859,0.1,0.9,16.140887093544006,0.033331334590911865,0.010735302232205868,0.0,0.6442906405692544,0.17,18.0,Stationary,ADDQN
102,145.37387843320545,0.09,0.91,16.376233863830567,0.03574651479721069,0.011511469259858131,0.0,0.6648535412188414,0.135,21.0,Stationary,ADDQN
103,138.43801999962736,0.1,0.9,16.141828489303588,0.03432697057723999,0.011204049922525883,0.0,0.652780964847842,0.18,22.0,Stationary,ADDQN
104,143.095835040381,0.055,0.945,17.668121924400328,0.03520941734313965,0.011573019437491894,0.0,0.6690263127121663,0.15,22.0,Stationary,ADDQN
105,136.61485344487804,0.115,0.885,15.554803705215454,0.033272385597229004,0.010640662163496017,0.0,0.6821765537888235,0.155,23.0,Stationary,ADDQN
106,141.94745932346356,0.09,0.91,16.413406944274904,0.0349239706993103,0.011336572468280792,0.0,0.7130835365388316,0.145,25.0,Stationary,ADDQN
107,142.63679922109503,0.09,0.91,16.422932991981508,0.034854233264923096,0.01133511308580637,0.0,0.6954723902391238,0.145,22.0,Stationary,ADDQN
108,143.18593660349,0.105,0.895,15.86809109210968,0.03534954786300659,0.01159361470490694,0.0,0.6919105906902537,0.15,24.0,Stationary,ADDQN
109,138.1912162482196,0.1,0.9,16.18406575679779,0.03387504816055298,0.011027696542441845,0.0,0.6561127808410545,0.165,20.0,Stationary,ADDQN
110,138.57906072435037,0.055,0.945,17.615405802726745,0.03436553478240967,0.0110542057082057,0.0,0.6656033602856356,0.175,23.0,Stationary,ADDQN
111,141.87988840773787,0.095,0.905,16.199408059120177,0.0351298451423645,0.01135083194822073,0.0,0.700783088502144,0.15,27.0,Stationary,ADDQN
112,138.58582645744048,0.1,0.9,16.116050806045532,0.03417330980300903,0.011071299202740192,0.0,0.6867785493255868,0.175,24.0,Stationary,ADDQN
113,141.6793570115844,0.105,0.895,15.956895580291748,0.035047173500061035,0.011370725929737091,0.0,0.6813503218230009,0.16,23.0,Stationary,ADDQN
114,142.38551804290918,0.07,0.9299999999999999,17.179494795799254,0.034893810749053955,0.011338945478200912,0.0,0.704065941686203,0.145,25.0,Stationary,ADDQN
115,144.75288800989293,0.095,0.905,16.279717659950258,0.03585547208786011,0.011673527769744396,0.0,0.6951651946354818,0.15,25.0,Stationary,ADDQN
116,140.8671744267585,0.12,0.88,15.329176902770996,0.03442913293838501,0.011244620196521282,0.0,0.6920719010365466,0.15,25.0,Stationary,ADDQN
117,142.0201246026473,0.105,0.895,16.004347715377808,0.03503364324569702,0.011409096419811249,0.0,0.7011465290966603,0.16,26.0,Stationary,ADDQN
118,146.76463459267728,0.05,0.95,17.86462374687195,0.03630250692367554,0.01179139968007803,0.0,0.7132066963593239,0.14,25.0,Stationary,ADDQN
119,141.01591910981242,0.075,0.925,16.914450674057008,0.03524672985076904,0.011588704772293568,0.0,0.6842895083475874,0.185,25.0,Stationary,ADDQN
120,142.01863305106428,0.095,0.905,16.126577396392822,0.034850895404815674,0.011026203632354736,0.0,0.699303527575955,0.15,26.0,Stationary,ADDQN
121,144.63726368253342,0.08,0.92,16.760833201408385,0.035846829414367676,0.011800000444054604,0.0,0.6924554804712965,0.145,23.0,Stationary,ADDQN
122,138.79018073060664,0.09,0.91,16.4040842962265,0.03413909673690796,0.011174273677170277,0.0,0.6825004013405666,0.145,23.0,Stationary,ADDQN
123,143.48632557971675,0.09,0.91,16.490962052345274,0.03539395332336426,0.011401369236409664,0.0,0.7013090630090933,0.16,24.0,Stationary,ADDQN
124,140.25309312980525,0.1,0.9,16.154859490394593,0.03472357988357544,0.011306524276733398,0.0,0.6576358338332303,0.15,20.0,Stationary,ADDQN
125,140.81210115106643,0.09,0.91,16.46135048866272,0.03448420763015747,0.011194734834134579,0.0,0.6929674478068557,0.145,23.0,Stationary,ADDQN
126,142.2547646872273,0.055,0.945,17.56144639492035,0.035290539264678955,0.011579065583646297,0.0,0.711583037758092,0.155,26.0,Stationary,ADDQN
127,141.91574277401548,0.09,0.91,16.379382057189943,0.03464752435684204,0.011293384246528149,0.0,0.6830171422685272,0.16,23.0,Stationary,ADDQN
128,144.24885680415974,0.06,0.94,17.46740628242493,0.0360264778137207,0.011854602955281734,0.0,0.7054965030627807,0.145,26.0,Stationary,ADDQN
129,138.75973937284922,0.1,0.9,16.121385226249696,0.03399103879928589,0.010931375436484814,0.0,0.6931989396958401,0.15,26.0,Stationary,ADDQN
100,6777.302901961303,0.91,0.08999999999999997,-40.97535343170166,0.08338481187820435,0.548164963722229,0.72,0.17907887300857028,0.78,4.0,Stationary,Vanilla DDQN
101,5865.299132561632,0.94,0.06000000000000005,-41.41533452033997,0.07493948936462402,0.4792315363883972,0.7,0.18377770977337812,0.765,4.0,Stationary,Vanilla DDQN
102,6227.376872968174,0.94,0.06000000000000005,-41.782516403198244,0.08092200756072998,0.5090711116790771,0.705,0.18717442165288387,0.77,4.0,Stationary,Vanilla DDQN
103,5901.952581950787,0.95,0.050000000000000044,-41.579393491744995,0.0769619345664978,0.49124595522880554,0.68,0.18695730207283037,0.76,4.0,Stationary,Vanilla DDQN
104,6234.751105922034,0.935,0.06499999999999995,-41.506893939971924,0.07956933975219727,0.5003044605255127,0.715,0.17325668417014822,0.79,4.0,Stationary,Vanilla DDQN
105,5524.007798994367,0.92,0.07999999999999996,-40.36103732585907,0.07399207353591919,0.45678970217704773,0.675,0.19296435570075296,0.76,5.0,Stationary,Vanilla DDQN
106,6142.350861475525,0.94,0.06000000000000005,-41.781707773208616,0.07883113622665405,0.5026748180389404,0.695,0.1886061862683929,0.76,4.0,Stationary,Vanilla DDQN
107,6059.476783082541,0.92,0.07999999999999996,-41.271488428115845,0.0781857967376709,0.4798072874546051,0.71,0.1847251612372503,0.78,5.0,Stationary,Vanilla DDQN
108,6267.61456877226,0.935,0.06499999999999995,-41.03504683971405,0.07939755916595459,0.5148305892944336,0.7,0.18907033971481849,0.765,5.0,Stationary,Vanilla DDQN
109,5715.893151942438,0.955,0.04500000000000004,-42.21894112586975,0.07612425088882446,0.46812933683395386,0.685,0.19338512448710016,0.755,4.0,Stationary,Vanilla DDQN
110,5774.101825633618,0.945,0.05500000000000005,-41.616861624717714,0.07737714052200317,0.4756610095500946,0.7,0.18309148855074764,0.78,5.0,Stationary,Vanilla DDQN
111,6040.092581357509,0.935,0.06499999999999995,-41.87877046585083,0.07937687635421753,0.4939160645008087,0.695,0.18111963102006118,0.775,4.0,Stationary,Vanilla DDQN
112,5978.429929154813,0.95,0.050000000000000044,-41.37982288837433,0.07703369855880737,0.4999438226222992,0.69,0.18777206817212455,0.76,4.0,Stationary,Vanilla DDQN
113,6207.551956630018,0.92,0.07999999999999996,-40.890209398269654,0.07918030023574829,0.5089606642723083,0.705,0.18111963102006118,0.775,4.0,Stationary,Vanilla DDQN
114,6063.248742804394,0.92,0.07999999999999996,-40.92848186969757,0.07843518257141113,0.4948776662349701,0.685,0.1943723950845165,0.76,5.0,Stationary,Vanilla DDQN
115,6407.712504248963,0.95,0.050000000000000044,-42.196989846229556,0.08112990856170654,0.5230962634086609,0.7,0.17842970375254372,0.77,4.0,Stationary,Vanilla DDQN
116,6409.168127690995,0.93,0.06999999999999995,-41.74431127071381,0.07779181003570557,0.5145474672317505,0.73,0.1671993430677734,0.8,4.0,Stationary,Vanilla DDQN
117,6030.77385282311,0.935,0.06499999999999995,-41.55758407115936,0.07897895574569702,0.49112075567245483,0.7,0.18311219562131553,0.77,4.0,Stationary,Vanilla DDQN
118,6525.834936318542,0.935,0.06499999999999995,-41.33157339096069,0.08226901292800903,0.5286949276924133,0.715,0.1652648859465628,0.8,4.0,Stationary,Vanilla DDQN
119,5913.035861188403,0.935,0.06499999999999995,-41.29104240894318,0.0786285400390625,0.4868233799934387,0.685,0.19630116122281743,0.755,5.0,Stationary,Vanilla DDQN
120,5965.954143340733,0.94,0.06000000000000005,-41.68720681190491,0.07848501205444336,0.48657944798469543,0.695,0.17626625538205964,0.78,4.0,Stationary,Vanilla DDQN
121,6316.03101773565,0.93,0.06999999999999995,-41.03013344287872,0.08035004138946533,0.510210394859314,0.69,0.18925559457805022,0.775,5.0,Stationary,Vanilla DDQN
122,5720.2845569489255,0.95,0.050000000000000044,-42.10681185722351,0.07662874460220337,0.46445509791374207,0.7,0.17940477431503463,0.775,4.0,Stationary,Vanilla DDQN
123,6001.485923915936,0.915,0.08499999999999996,-40.77386146068573,0.07908463478088379,0.4791259765625,0.7,0.1863801189065761,0.785,5.0,Stationary,Vanilla DDQN
124,6004.943713967016,0.94,0.06000000000000005,-41.891783494949344,0.07819157838821411,0.48427459597587585,0.7,0.17907887300857028,0.78,4.0,Stationary,Vanilla DDQN
125,6191.251566700059,0.945,0.05500000000000005,-42.159918460845944,0.07778620719909668,0.4944206178188324,0.705,0.17484774526046173,0.79,4.0,Stationary,Vanilla DDQN
126,6043.229525412727,0.945,0.05500000000000005,-41.69337862491608,0.07930958271026611,0.49190783500671387,0.695,0.18111963102006118,0.775,4.0,Stationary,Vanilla DDQN
127,6261.429534909731,0.925,0.07499999999999996,-41.12574928760529,0.07828706502914429,0.5176014304161072,0.715,0.1774039637785554,0.78,4.0,Stationary,Vanilla DDQN
128,6340.714631488113,0.935,0.06499999999999995,-41.689056663513185,0.08129990100860596,0.5223044753074646,0.71,0.1745513986770331,0.78,4.0,Stationary,Vanilla DDQN
129,5816.027492773652,0.95,0.050000000000000044,-41.72652925014496,0.07641798257827759,0.47250688076019287,0.695,0.18983220921851196,0.76,5.0,Stationary,Vanilla DDQN
100,3088.1166991157284,0.915,0.08499999999999996,-38.57292871952057,0.07221353054046631,0.34776365756988525,0.455,0.32900170286861175,0.52,6.0,Stationary,Dueling DDQN
101,2550.8189353131734,0.91,0.08999999999999997,-38.919909863471986,0.06502145528793335,0.29795828461647034,0.405,0.34341765329639556,0.48,6.0,Stationary,Dueling DDQN
102,2928.0072501082195,0.92,0.07999999999999996,-38.88714105606079,0.06982964277267456,0.33644774556159973,0.43,0.3292525665521617,0.52,5.0,Stationary,Dueling DDQN
103,2349.5220950094504,0.875,0.125,-36.002531018257145,0.06434160470962524,0.2764297425746918,0.385,0.3623749179183975,0.465,6.0,Stationary,Dueling DDQN
104,2989.8131085665727,0.94,0.06000000000000005,-39.93070262908935,0.07004863023757935,0.3196974992752075,0.44,0.31667217504286715,0.54,6.0,Stationary,Dueling DDQN
105,2520.521303795163,0.915,0.08499999999999996,-38.28867500305176,0.06401079893112183,0.2802547216415405,0.415,0.34558088036271234,0.505,6.0,Stationary,Dueling DDQN
106,2769.183008964119,0.915,0.08499999999999996,-38.63883819103241,0.06735169887542725,0.3052330017089844,0.42,0.3411096074601477,0.505,6.0,Stationary,Dueling DDQN
107,2890.635179665145,0.925,0.07499999999999996,-39.026954860687255,0.06848984956741333,0.3062135577201843,0.435,0.3271317386960839,0.54,6.0,Stationary,Dueling DDQN
108,2990.4461213588156,0.9,0.09999999999999998,-37.81423402309418,0.06939864158630371,0.3287651538848877,0.455,0.33055912531410253,0.525,6.0,Stationary,Dueling DDQN
109,2696.2047263347554,0.925,0.07499999999999996,-38.529051671028135,0.06554007530212402,0.27075302600860596,0.4,0.3244404439697694,0.52,6.0,Stationary,Dueling DDQN
110,2224.3925714260067,0.89,0.10999999999999999,-37.24182068824768,0.06409722566604614,0.2467787116765976,0.37,0.34326615421818957,0.47,5.0,Stationary,Dueling DDQN
111,2789.3572024007153,0.915,0.08499999999999996,-38.2602283000946,0.06809824705123901,0.3072347640991211,0.42,0.3297389045930331,0.515,6.0,Stationary,Dueling DDQN
112,2744.7080633768437,0.895,0.10499999999999998,-38.050216002464296,0.06627315282821655,0.2985508441925049,0.44,0.3243120381254831,0.53,5.0,Stationary,Dueling DDQN
113,2926.4046698143757,0.88,0.12,-37.26053436279297,0.06828558444976807,0.3287506401538849,0.445,0.33111578683333875,0.52,5.0,Stationary,Dueling DDQN
114,2638.278761310445,0.905,0.09499999999999997,-37.22017746448517,0.06688040494918823,0.2898075580596924,0.405,0.34798807855668346,0.495,6.0,Stationary,Dueling DDQN
115,2862.512513361322,0.9,0.09999999999999998,-37.357168416976926,0.0698055624961853,0.32238247990608215,0.44,0.3327809554996773,0.52,6.0,Stationary,Dueling DDQN
116,2670.774754111016,0.9,0.09999999999999998,-38.12471590518951,0.06645709276199341,0.2919849157333374,0.43,0.3390195798109613,0.5,6.0,Stationary,Dueling DDQN
117,2572.490545256467,0.9,0.09999999999999998,-37.6090009021759,0.06703847646713257,0.29653462767601013,0.385,0.3468274295221084,0.5,6.0,Stationary,Dueling DDQN
118,3272.380627312805,0.89,0.10999999999999999,-38.062730894088745,0.0724477767944336,0.35291510820388794,0.46,0.31239922465232317,0.56,6.0,Stationary,Dueling DDQN
119,2993.5349166026026,0.895,0.10499999999999998,-38.22522225379944,0.06959569454193115,0.3230655789375305,0.455,0.3247355646359216,0.535,5.0,Stationary,Dueling DDQN
120,2678.508647205975,0.92,0.07999999999999996,-38.71671426296234,0.06747347116470337,0.29589682817459106,0.405,0.3434210821413367,0.5,6.0,Stationary,Dueling DDQN
121,2804.0294789916766,0.89,0.10999999999999999,-37.43088234424591,0.0688048005104065,0.3058112859725952,0.415,0.3433748673427687,0.5,6.0,Stationary,Dueling DDQN
122,2669.3271045038955,0.91,0.08999999999999997,-38.585908279418945,0.06626880168914795,0.2764645516872406,0.42,0.3311349275115555,0.525,6.0,Stationary,Dueling DDQN
123,3078.157081190183,0.905,0.09499999999999997,-39.611315846443176,0.07041341066360474,0.3322980999946594,0.45,0.3179488864944875,0.54,6.0,Stationary,Dueling DDQN
124,2746.176549364737,0.91,0.08999999999999997,-38.469948153495785,0.06796938180923462,0.31182295083999634,0.42,0.331388604306997,0.515,5.0,Stationary,Dueling DDQN
125,2750.6055472126773,0.915,0.08499999999999996,-38.400092096328734,0.06724631786346436,0.30337294936180115,0.415,0.33189907558406945,0.515,6.0,Stationary,Dueling DDQN
126,2770.763596672224,0.92,0.07999999999999996,-37.73506805896759,0.06770002841949463,0.2996555268764496,0.435,0.3359262827387318,0.525,6.0,Stationary,Dueling DDQN
127,2931.108041398531,0.915,0.08499999999999996,-39.05592851161957,0.06860429048538208,0.33223938941955566,0.44,0.32826570653190135,0.52,6.0,Stationary,Dueling DDQN
128,3222.4081118462364,0.935,0.06499999999999995,-39.70856073379517,0.0715985894203186,0.3367079496383667,0.475,0.3191664225441981,0.55,6.0,Stationary,Dueling DDQN
129,2367.006846397042,0.88,0.12,-36.5681608581543,0.06456327438354492,0.2641221880912781,0.385,0.34092203379441544,0.51,6.0,Stationary,Dueling DDQN
100,9027.368377167675,0.975,0.025000000000000022,-47.06868429660797,0.09051811695098877,0.6215681433677673,0.84,0.09937514369574638,0.91,4.0,Stationary,Vanilla DQN
101,8115.340803842493,0.975,0.025000000000000022,-46.82756724357605,0.08239048719406128,0.5589121580123901,0.835,0.09937514369574638,0.91,4.0,Stationary,Vanilla DQN
102,8600.503938254811,0.98,0.020000000000000018,-47.21724141120911,0.08874976634979248,0.5920482873916626,0.84,0.1006350058487275,0.905,4.0,Stationary,Vanilla DQN
103,8270.648951655989,0.975,0.025000000000000022,-47.23894803524017,0.08474463224411011,0.5693084597587585,0.815,0.10500119051586192,0.9,4.0,Stationary,Vanilla DQN
104,8489.375725959113,0.98,0.020000000000000018,-47.521572265625,0.08735281229019165,0.5843530893325806,0.84,0.0932140672473273,0.915,4.0,Stationary,Vanilla DQN
105,8092.501314228359,0.98,0.020000000000000018,-47.5135040473938,0.08256995677947998,0.5569210648536682,0.83,0.09637833333399247,0.91,4.0,Stationary,Vanilla DQN
106,8574.15238518959,0.98,0.020000000000000018,-47.588724308013916,0.08672857284545898,0.5898233652114868,0.835,0.09623570682633178,0.905,3.0,Stationary,Vanilla DQN
107,8341.973834312019,0.98,0.020000000000000018,-47.29175553798675,0.08632838726043701,0.5743831396102905,0.835,0.1072125117982146,0.9,4.0,Stationary,Vanilla DQN
108,8851.219231896344,0.985,0.015000000000000013,-47.69207495689392,0.08776187896728516,0.6088612079620361,0.845,0.09272836521366297,0.915,4.0,Stationary,Vanilla DQN
109,7692.8497734701095,0.965,0.03500000000000003,-46.41985976219177,0.08291923999786377,0.5310259461402893,0.805,0.11847575694669536,0.885,4.0,Stationary,Vanilla DQN
110,8299.169304085348,0.985,0.015000000000000013,-47.65361578941345,0.08561897277832031,0.570678174495697,0.85,0.08478846631550525,0.92,3.0,Stationary,Vanilla DQN
111,8269.10053590253,0.98,0.020000000000000018,-47.0865762424469,0.08686631917953491,0.5704612135887146,0.82,0.1006350058487275,0.905,4.0,Stationary,Vanilla DQN
112,8540.870811370312,0.985,0.015000000000000013,-47.43106124401093,0.08517098426818848,0.5878869891166687,0.845,0.0884454186842178,0.915,3.0,Stationary,Vanilla DQN
113,8678.58008790043,0.98,0.020000000000000018,-47.700365962982175,0.08716380596160889,0.5974647998809814,0.835,0.09197903431159674,0.91,3.0,Stationary,Vanilla DQN
114,8320.433183832036,0.98,0.020000000000000018,-47.43608451366425,0.08604174852371216,0.5734633803367615,0.815,0.10860051787707312,0.895,4.0,Stationary,Vanilla DQN
115,8777.841627221453,0.985,0.015000000000000013,-47.8765346288681,0.08887797594070435,0.604322612285614,0.84,0.0932140672473273,0.915,4.0,Stationary,Vanilla DQN
116,8694.309161168778,0.98,0.020000000000000018,-47.9318459892273,0.08564484119415283,0.5979905128479004,0.855,0.08478846631550525,0.92,3.0,Stationary,Vanilla DQN
117,8439.626208646627,0.975,0.025000000000000022,-47.11710121631622,0.08694714307785034,0.5807030200958252,0.835,0.09637833333399247,0.91,4.0,Stationary,Vanilla DQN
118,8980.432533755447,0.98,0.020000000000000018,-47.5884787940979,0.09021484851837158,0.6175535917282104,0.85,0.08051060795902534,0.93,4.0,Stationary,Vanilla DQN
119,8362.969285470477,0.985,0.015000000000000013,-47.58166656494141,0.08697819709777832,0.5757309794425964,0.825,0.11225312074094826,0.895,4.0,Stationary,Vanilla DQN
120,8293.448602931645,0.985,0.015000000000000013,-47.414454259872436,0.08645546436309814,0.5705962181091309,0.83,0.09637833333399247,0.91,4.0,Stationary,Vanilla DQN
121,8898.50706401651,0.98,0.020000000000000018,-47.28414449214935,0.08878952264785767,0.6126642823219299,0.835,0.09272836521366297,0.915,4.0,Stationary,Vanilla DQN
122,7939.380663525845,0.98,0.020000000000000018,-47.6044334602356,0.0845223069190979,0.5467010736465454,0.835,0.09699206035215732,0.91,4.0,Stationary,Vanilla DQN
123,8620.940978156163,0.98,0.020000000000000018,-47.4659946680069,0.08821779489517212,0.5933031439781189,0.85,0.07841582746046814,0.93,4.0,Stationary,Vanilla DQN
124,8195.898364779167,0.98,0.020000000000000018,-47.49012927532196,0.08593827486038208,0.5640591979026794,0.835,0.10605191873909252,0.9,4.0,Stationary,Vanilla DQN
125,8271.79280718239,0.98,0.020000000000000018,-47.53567058086395,0.08514457941055298,0.5696127414703369,0.815,0.10605191873909252,0.9,4.0,Stationary,Vanilla DQN
126,8423.251929744887,0.975,0.025000000000000022,-47.23788620948792,0.08738470077514648,0.5802941918373108,0.825,0.09637833333399247,0.91,4.0,Stationary,Vanilla DQN
127,8682.780640451914,0.98,0.020000000000000018,-47.17782749652863,0.08604419231414795,0.5973012447357178,0.85,0.09272836521366297,0.915,4.0,Stationary,Vanilla DQN
128,8834.43737910965,0.975,0.025000000000000022,-47.384108800888065,0.08936083316802979,0.6074379682540894,0.845,0.0882436699907479,0.92,4.0,Stationary,Vanilla DQN
129,8117.327474587082,0.97,0.030000000000000027,-46.6400371837616,0.08421331644058228,0.5594179630279541,0.83,0.10314611417681707,0.905,4.0,Stationary,Vanilla DQN
100,172.5869384169329,0.22000000000000003,0.78,10.910670155525207,0.037244987487792966,0.015689154155552387,0.0,0.8164597824613523,0.09,33.6,Stationary,PPO
101,160.0003431481803,0.246,0.754,9.871412886619568,0.0338358998298645,0.01432451494038105,0.0,0.815766146375322,0.09,33.6,Stationary,PPO
102,171.32502409408266,0.251,0.749,9.619071990013122,0.03636646270751953,0.015645037591457366,0.0,0.8159831657926343,0.09,33.6,Stationary,PPO
103,163.37607116568495,0.248,0.752,9.71880064678192,0.034837961196899414,0.014690613001585006,0.0,0.815766146375322,0.09,33.6,Stationary,PPO
104,166.8822538860345,0.213,0.787,11.077267858505248,0.035739672183990476,0.015047610737383366,0.0,0.815766146375322,0.09,33.6,Stationary,PPO
105,158.7717726195492,0.26399999999999996,0.736,9.229698333740235,0.033746850490570066,0.014063733443617821,0.0,0.815766146375322,0.09,33.6,Stationary,PPO
106,168.54180330282225,0.258,0.742,9.33993885231018,0.035553348064422605,0.015512384474277496,0.0,0.8159575607957343,0.09,33.6,Stationary,PPO
107,166.99784547334568,0.251,0.749,9.65397609615326,0.03543471097946167,0.015376738831400871,0.0,0.8156409332043593,0.09,33.6,Stationary,PPO
108,169.07876996606936,0.23500000000000001,0.765,10.26620820426941,0.035971879959106445,0.015909069590270518,0.0,0.8157946075758755,0.09,33.6,Stationary,PPO
109,161.96533018512068,0.225,0.775,10.587309340476988,0.03443257808685303,0.01526495385915041,0.0,0.8159831657926343,0.09,33.6,Stationary,PPO
110,165.43954116973538,0.229,0.771,10.398588757514954,0.0349629282951355,0.015606057830154896,0.0,0.8158038864242181,0.09,33.6,Stationary,PPO
111,167.4711429448434,0.254,0.746,9.416735496520996,0.035677337646484376,0.01503542009741068,0.0,0.8160287185434744,0.09,33.6,Stationary,PPO
112,163.91444389861786,0.248,0.752,9.729681271553039,0.03473355770111084,0.014772978983819485,0.0,0.815886413822225,0.09,33.6,Stationary,PPO
113,166.3252824027816,0.24,0.76,10.005626512527465,0.035570621490478516,0.014688432961702347,0.0,0.8161231093665748,0.09,33.6,Stationary,PPO
114,167.68769552551416,0.217,0.783,10.869625632286072,0.03554996252059937,0.016170082427561284,0.0,0.8159290995951809,0.09,33.6,Stationary,PPO
115,170.2376553434005,0.23899999999999996,0.761,9.969929968833924,0.03644452095031738,0.015542007423937321,0.0,0.8159290995951809,0.09,33.6,Stationary,PPO
116,162.64698636313696,0.24100000000000002,0.759,10.106327126502991,0.03494447469711304,0.014643128402531147,0.0,0.8157946075758755,0.09,33.6,Stationary,PPO
117,165.70322698101563,0.23900000000000002,0.7609999999999999,10.170719029426575,0.035563993453979495,0.01517634429037571,0.0,0.8159575607957343,0.09,33.6,Stationary,PPO
118,172.31184657111285,0.189,0.8109999999999999,11.822602355003358,0.03690667152404785,0.01584084238857031,0.0,0.815766146375322,0.09,33.6,Stationary,PPO
119,167.4763727788836,0.24100000000000002,0.759,9.895138763427735,0.035783588886260986,0.015051412023603916,0.0,0.8159290995951809,0.09,33.6,Stationary,PPO
120,165.57836784806517,0.261,0.7390000000000001,9.35973941707611,0.03540283441543579,0.015036256797611714,0.0,0.8156409332043593,0.09,33.6,Stationary,PPO
121,168.95345465009325,0.258,0.742,9.54874641609192,0.03640340566635132,0.01524360366165638,0.0,0.8158323476247716,0.09,33.6,Stationary,PPO
122,161.21389403703364,0.261,0.739,9.312998772621153,0.03461569547653198,0.01433743666857481,0.0,0.8160168443441501,0.09,33.6,Stationary,PPO
123,167.16639141233168,0.253,0.7470000000000001,9.754637073516845,0.03593442440032959,0.014990406110882759,0.0,0.815997896195612,0.09,33.6,Stationary,PPO
124,164.65821877353542,0.244,0.756,10.150488103866577,0.03525632619857788,0.014881433919072151,0.0,0.8159575607957343,0.09,33.6,Stationary,PPO
125,164.11469824274124,0.23399999999999999,0.766,10.349607901573181,0.035030043125152587,0.014914815872907638,0.0,0.8157286779533284,0.09,33.6,Stationary,PPO
126,166.299966404604,0.23600000000000004,0.764,10.354594239234924,0.035825514793396,0.015213687904179096,0.0,0.8157946075758755,0.09,33.6,Stationary,PPO
127,165.1266058268605,0.264,0.736,9.278460574150085,0.03520090579986572,0.014845542795956134,0.0,0.8156409332043593,0.09,33.6,Stationary,PPO
128,170.92304733398302,0.233,0.767,10.301662881851197,0.03664538860321045,0.016019954159855843,0.0,0.8157946075758755,0.09,33.6,Stationary,PPO
129,163.3339850746391,0.24,0.76,10.089838888168334,0.03454841375350952,0.01499774269759655,0.0,0.8158254299237377,0.09,33.6,Stationary,PPO
100,148.871876472925,0.125,0.875,15.301706972122192,0.0367695689201355,0.013404004275798798,0.0,0.7310322583576281,0.13,27.0,Bursty_2x,ADDQN
101,137.02366100782993,0.09,0.91,16.35959021091461,0.03344458341598511,0.01230837032198906,0.0,0.7240250914223041,0.14,27.0,Bursty_2x,ADDQN
102,145.70437701890643,0.1,0.9,16.1404536819458,0.035865604877471924,0.013091075234115124,0.0,0.7265027859742493,0.115,24.0,Bursty_2x,ADDQN
103,140.49533923781325,0.115,0.885,15.5387659740448,0.034450411796569824,0.012816391885280609,0.0,0.7013566959286307,0.15,26.0,Bursty_2x,ADDQN
104,143.86231459455732,0.075,0.925,16.939211564064024,0.03532499074935913,0.013061991892755032,0.0,0.7154522226743696,0.145,24.0,Bursty_2x,ADDQN
105,135.31640683490411,0.08,0.92,16.72613377094269,0.033374011516571045,0.012128503061830997,0.0,0.7019941387132994,0.16,25.0,Bursty_2x,ADDQN
106,141.1295991492845,0.095,0.905,16.260407795906065,0.035058021545410156,0.013015646487474442,0.0,0.7395176643304977,0.145,29.0,Bursty_2x,ADDQN
107,143.5578257704343,0.08,0.92,16.75995216846466,0.03497958183288574,0.01293330267071724,0.0,0.7225586094736816,0.135,26.0,Bursty_2x,ADDQN
108,144.09895615333664,0.095,0.905,16.21545986175537,0.03545808792114258,0.013127412647008896,0.0,0.7514533173568665,0.125,29.0,Bursty_2x,ADDQN
109,138.84528704757034,0.085,0.915,16.60717233657837,0.03398805856704712,0.01264420710504055,0.0,0.7394510804830008,0.13,29.0,Bursty_2x,ADDQN
110,140.9001809149708,0.095,0.905,16.280585632324218,0.034475743770599365,0.012538325972855091,0.0,0.723320375360889,0.145,28.0,Bursty_2x,ADDQN
111,142.0126391167947,0.095,0.905,16.25568618297577,0.03525298833847046,0.012955553829669952,0.0,0.7153461488365811,0.145,27.0,Bursty_2x,ADDQN
112,140.69119559377395,0.115,0.885,15.563582687377929,0.03429025411605835,0.012637629173696041,0.0,0.7359108564180177,0.13,27.0,Bursty_2x,ADDQN
113,142.4249303653518,0.1,0.9,16.07460741519928,0.03517669439315796,0.013040325604379177,0.0,0.7372476540458079,0.135,29.0,Bursty_2x,ADDQN
114,142.30943236337808,0.095,0.905,16.332360105514525,0.03501051664352417,0.012922641821205616,0.0,0.7372651759814922,0.14,25.0,Bursty_2x,ADDQN
115,145.99536317859793,0.11,0.89,15.789194722175598,0.03597038984298706,0.013151567429304123,0.0,0.7247305301759805,0.145,27.0,Bursty_2x,ADDQN
116,141.75977660580895,0.11,0.89,15.603880648612977,0.03453695774078369,0.012738710269331932,0.0,0.7522339886118812,0.125,28.0,Bursty_2x,ADDQN
117,143.06198693546818,0.1,0.9,16.07662190437317,0.03514772653579712,0.01298835314810276,0.0,0.7129468503080678,0.135,26.0,Bursty_2x,ADDQN
118,147.86809988036268,0.045,0.955,17.962542304992677,0.03642922639846802,0.013503050431609154,0.0,0.7420684161038623,0.14,28.0,Bursty_2x,ADDQN
119,144.90225976132456,0.115,0.885,15.508823642730713,0.03536790609359741,0.013139856047928333,0.0,0.7340636572245514,0.13,28.0,Bursty_2x,ADDQN
120,141.86019226088789,0.085,0.915,16.432458333969116,0.034971773624420166,0.012755028903484344,0.0,0.7338101120281005,0.14,26.0,Bursty_2x,ADDQN
121,145.798243165661,0.1,0.9,16.054667868614196,0.03597289323806763,0.013443835079669952,0.0,0.7243294527710953,0.125,26.0,Bursty_2x,ADDQN
122,140.07903813817651,0.09,0.91,16.2855020570755,0.034237563610076904,0.012496876530349255,0.0,0.7463182232115172,0.115,28.0,Bursty_2x,ADDQN
123,142.76306422574717,0.065,0.935,17.27564795970917,0.03551870584487915,0.012921491637825966,0.0,0.7193721563938694,0.14,28.0,Bursty_2x,ADDQN
124,141.90710472267025,0.08,0.92,16.788092675209047,0.03484445810317993,0.012918458320200443,0.0,0.7528677701366301,0.14,33.0,Bursty_2x,ADDQN
125,140.0620373311812,0.09,0.91,16.456764340400696,0.03459632396697998,0.01270454004406929,0.0,0.723217872626765,0.13,27.0,Bursty_2x,ADDQN
126,143.7048718563786,0.085,0.915,16.505504069328307,0.03541487455368042,0.013262607157230377,0.0,0.714468797254733,0.15,23.0,Bursty_2x,ADDQN
127,142.80905146360976,0.11,0.89,15.664901185035706,0.034761786460876465,0.012812209315598011,0.0,0.7336632376458254,0.115,29.0,Bursty_2x,ADDQN
128,146.07649771430837,0.08,0.92,16.779657926559448,0.036133527755737305,0.013356201350688934,0.0,0.7447384240486699,0.125,31.0,Bursty_2x,ADDQN
129,140.0453834749458,0.095,0.905,16.242005524635314,0.034098803997039795,0.012340391054749489,0.0,0.7221669631768808,0.125,25.0,Bursty_2x,ADDQN
100,7435.480329920745,0.93,0.06999999999999995,-42.199681353569034,0.08472388982772827,0.5916488766670227,0.735,0.17265463424389424,0.795,4.0,Bursty_2x,Vanilla DDQN
101,6497.262694573351,0.95,0.050000000000000044,-42.41741189956665,0.07628577947616577,0.5223096609115601,0.72,0.17570867097836468,0.785,4.0,Bursty_2x,Vanilla DDQN
102,6994.850368279913,0.93,0.06999999999999995,-42.21924679279327,0.08209103345870972,0.5519656538963318,0.735,0.17393906754835758,0.8,4.0,Bursty_2x,Vanilla DDQN
103,6597.956251956585,0.945,0.05500000000000005,-42.12858754634857,0.07831829786300659,0.5343403816223145,0.705,0.17698868537762774,0.785,4.0,Bursty_2x,Vanilla DDQN
104,6829.712671855261,0.94,0.06000000000000005,-42.14544303894043,0.08069789409637451,0.5436061024665833,0.725,0.168906505184148,0.8,4.0,Bursty_2x,Vanilla DDQN
105,6256.687101906125,0.96,0.040000000000000036,-42.47597729682922,0.07534939050674438,0.5002598762512207,0.7,0.18258899617922353,0.785,5.0,Bursty_2x,Vanilla DDQN
106,6822.908352186738,0.97,0.030000000000000027,-43.4949927520752,0.08018344640731812,0.5457152724266052,0.72,0.178437440465174,0.785,4.0,Bursty_2x,Vanilla DDQN
107,6595.120604169425,0.94,0.06000000000000005,-42.31760402202606,0.07950365543365479,0.5234965085983276,0.715,0.18259236201011864,0.785,5.0,Bursty_2x,Vanilla DDQN
108,7001.358592810574,0.93,0.06999999999999995,-41.90039511680603,0.08080136775970459,0.5577585697174072,0.73,0.17666724978607157,0.795,5.0,Bursty_2x,Vanilla DDQN
109,6452.387659980005,0.945,0.05500000000000005,-42.7304141998291,0.07749265432357788,0.5112181305885315,0.715,0.1808287285754168,0.785,4.0,Bursty_2x,Vanilla DDQN
110,6486.089618783566,0.945,0.05500000000000005,-42.32954958438873,0.07872176170349121,0.5189183354377747,0.725,0.1721183011881261,0.805,5.0,Bursty_2x,Vanilla DDQN
111,6799.862497415095,0.935,0.06499999999999995,-42.77099370002747,0.08068162202835083,0.5370150208473206,0.72,0.17040782820624123,0.8,4.0,Bursty_2x,Vanilla DDQN
112,6840.281544030607,0.935,0.06499999999999995,-42.15281155586243,0.07826483249664307,0.5427008867263794,0.73,0.17122259430553538,0.8,4.0,Bursty_2x,Vanilla DDQN
113,6984.103452611235,0.94,0.06000000000000005,-42.290078954696654,0.08050167560577393,0.5522459745407104,0.725,0.17265463424389424,0.795,4.0,Bursty_2x,Vanilla DDQN
114,6769.045384049283,0.93,0.06999999999999995,-42.29106440544128,0.07982790470123291,0.537690281867981,0.71,0.18399703556298708,0.785,5.0,Bursty_2x,Vanilla DDQN
115,7179.582859092105,0.935,0.06499999999999995,-42.71587702274323,0.08247995376586914,0.5661130547523499,0.73,0.1662218172320165,0.8,4.0,Bursty_2x,Vanilla DDQN
116,7038.2919774167185,0.935,0.06499999999999995,-42.44667027950287,0.07908999919891357,0.5580266118049622,0.745,0.16040950158975875,0.815,4.0,Bursty_2x,Vanilla DDQN
117,6675.5533381727655,0.955,0.04500000000000004,-42.90883993148804,0.08035022020339966,0.5343774557113647,0.72,0.17484774526046173,0.79,4.0,Bursty_2x,Vanilla DDQN
118,7229.641110663559,0.93,0.06999999999999995,-42.02513325214386,0.08355051279067993,0.5714672207832336,0.74,0.15390354308675647,0.825,4.0,Bursty_2x,Vanilla DDQN
119,6672.065263654223,0.95,0.050000000000000044,-42.70995237350464,0.08018666505813599,0.5297646522521973,0.715,0.18399703556298708,0.785,5.0,Bursty_2x,Vanilla DDQN
120,6781.0507768703965,0.955,0.04500000000000004,-43.23669304847717,0.08002066612243652,0.5292759537696838,0.73,0.1608367802537979,0.815,4.0,Bursty_2x,Vanilla DDQN
121,7139.472755377938,0.945,0.05500000000000005,-42.422557110786435,0.08174771070480347,0.553030252456665,0.72,0.1756915382013676,0.805,5.0,Bursty_2x,Vanilla DDQN
122,6399.281907841946,0.94,0.06000000000000005,-42.436854934692384,0.07799267768859863,0.507813572883606,0.72,0.17110765468825853,0.795,4.0,Bursty_2x,Vanilla DDQN
123,6634.173065219952,0.945,0.05500000000000005,-42.31121604442596,0.08039736747741699,0.5226380825042725,0.715,0.17952000033482984,0.8,5.0,Bursty_2x,Vanilla DDQN
124,6647.198913542441,0.95,0.050000000000000044,-42.76906982421875,0.07961875200271606,0.527569055557251,0.715,0.17265463424389424,0.795,4.0,Bursty_2x,Vanilla DDQN
125,6849.724309448319,0.95,0.050000000000000044,-42.87201303005219,0.079193115234375,0.5378407835960388,0.72,0.16810568564594874,0.805,4.0,Bursty_2x,Vanilla DDQN
126,6753.195717705893,0.93,0.06999999999999995,-41.919081439971926,0.08078902959823608,0.5351846814155579,0.72,0.17040782820624123,0.8,4.0,Bursty_2x,Vanilla DDQN
127,6969.565246951586,0.935,0.06499999999999995,-42.003626346588135,0.0796164870262146,0.5606552958488464,0.735,0.168906505184148,0.8,4.0,Bursty_2x,Vanilla DDQN
128,7196.2057639286795,0.95,0.050000000000000044,-43.22950305461884,0.08307522535324097,0.5653889775276184,0.74,0.16174994656831101,0.81,4.0,Bursty_2x,Vanilla DDQN
129,6553.85200806868,0.95,0.050000000000000044,-42.872739844322204,0.0777130126953125,0.5152427554130554,0.725,0.17772265240614332,0.79,5.0,Bursty_2x,Vanilla DDQN
100,4110.605947334265,0.905,0.09499999999999997,-38.841485924720764,0.07483386993408203,0.41500136256217957,0.52,0.30716707123748876,0.585,6.0,Bursty_2x,Dueling DDQN
101,3759.4971589230977,0.945,0.05500000000000005,-41.38544001102448,0.06876605749130249,0.37812796235084534,0.51,0.3046424869071881,0.585,6.0,Bursty_2x,Dueling DDQN
102,3953.394643415905,0.915,0.08499999999999996,-40.08811295986175,0.0737040638923645,0.39324355125427246,0.51,0.29575076385873844,0.6,5.0,Bursty_2x,Dueling DDQN
103,3687.913860985402,0.915,0.08499999999999996,-39.550061836242676,0.06951367855072021,0.36719000339508057,0.495,0.32143576411967095,0.57,6.0,Bursty_2x,Dueling DDQN
104,3684.7539813788435,0.94,0.06000000000000005,-40.40570484161377,0.07200497388839722,0.3779136538505554,0.495,0.3056856168829713,0.585,6.0,Bursty_2x,Dueling DDQN
105,3320.6702557833833,0.92,0.07999999999999996,-39.053975658416746,0.06640106439590454,0.3474065363407135,0.47,0.33004388298276044,0.555,6.0,Bursty_2x,Dueling DDQN
106,3435.426543276367,0.92,0.07999999999999996,-38.96518057346344,0.06952375173568726,0.37072545289993286,0.46,0.3316687987528642,0.545,6.0,Bursty_2x,Dueling DDQN
107,3844.898687965926,0.93,0.06999999999999995,-40.015601043701174,0.07121527194976807,0.3801766633987427,0.505,0.3065397873989598,0.6,6.0,Bursty_2x,Dueling DDQN
108,3782.6680281590857,0.925,0.07499999999999996,-39.45961366176605,0.07098907232284546,0.3863518536090851,0.515,0.31113240407020926,0.585,6.0,Bursty_2x,Dueling DDQN
109,3146.8951220476088,0.885,0.11499999999999999,-36.45552590847015,0.06680446863174438,0.3205574154853821,0.445,0.3365704826904801,0.54,6.0,Bursty_2x,Dueling DDQN
110,2860.6015372711145,0.895,0.10499999999999998,-37.72704238891602,0.06594491004943848,0.3023451566696167,0.445,0.33091579088117434,0.525,5.0,Bursty_2x,Dueling DDQN
111,3743.5586883731194,0.925,0.07499999999999996,-39.663116426467894,0.07129836082458496,0.3795086741447449,0.495,0.3063403661288176,0.58,6.0,Bursty_2x,Dueling DDQN
112,3398.1882008203866,0.905,0.09499999999999997,-38.43789901733398,0.06790667772293091,0.3524523973464966,0.48,0.3140364580735222,0.57,5.0,Bursty_2x,Dueling DDQN
113,3824.772962279586,0.895,0.10499999999999998,-39.21009843826294,0.0714520812034607,0.40172699093818665,0.495,0.3114371327303719,0.57,5.0,Bursty_2x,Dueling DDQN
114,3464.815385951864,0.905,0.09499999999999997,-37.56220438480377,0.06954115629196167,0.3566330075263977,0.475,0.33141079277648827,0.555,6.0,Bursty_2x,Dueling DDQN
115,3796.3143786100018,0.905,0.09499999999999997,-38.63209844589233,0.0723346471786499,0.3949389159679413,0.505,0.310971207645937,0.585,6.0,Bursty_2x,Dueling DDQN
116,3648.9209619347694,0.915,0.08499999999999996,-39.134878754615784,0.06904667615890503,0.36936524510383606,0.5,0.31820854339711896,0.57,6.0,Bursty_2x,Dueling DDQN
117,3593.6268921450096,0.92,0.07999999999999996,-40.08425580024719,0.07072746753692627,0.3598474860191345,0.485,0.31368115674885944,0.585,6.0,Bursty_2x,Dueling DDQN
118,3938.6635179759514,0.91,0.08999999999999997,-39.442908725738526,0.07427477836608887,0.4102855324745178,0.5,0.2985494185426892,0.595,6.0,Bursty_2x,Dueling DDQN
119,3608.075249792567,0.92,0.07999999999999996,-39.91701252937317,0.07116121053695679,0.381442666053772,0.48,0.3182352549912534,0.56,5.0,Bursty_2x,Dueling DDQN
120,3630.9702710033916,0.935,0.06499999999999995,-40.16172216415405,0.07065677642822266,0.36386001110076904,0.49,0.3184617151185145,0.57,6.0,Bursty_2x,Dueling DDQN
121,4079.9938794214017,0.925,0.07499999999999996,-40.425787358284,0.07302820682525635,0.3923231363296509,0.52,0.3065906467881738,0.595,6.0,Bursty_2x,Dueling DDQN
122,3344.984365336682,0.915,0.08499999999999996,-38.73116866111755,0.06813305616378784,0.3265625834465027,0.475,0.321399607814117,0.575,6.0,Bursty_2x,Dueling DDQN
123,4007.806839114263,0.915,0.08499999999999996,-40.619189944267276,0.07317584753036499,0.3874175250530243,0.52,0.2943384049872043,0.605,6.0,Bursty_2x,Dueling DDQN
124,4019.507782622985,0.925,0.07499999999999996,-41.01620279788971,0.07255393266677856,0.39127829670906067,0.51,0.29348292759626754,0.595,5.0,Bursty_2x,Dueling DDQN
125,3538.8885614910896,0.92,0.07999999999999996,-39.444931449890134,0.06906956434249878,0.36877766251564026,0.48,0.3151527304081812,0.57,6.0,Bursty_2x,Dueling DDQN
126,3699.409842690634,0.93,0.06999999999999995,-39.535388174057005,0.0714537501335144,0.37355220317840576,0.49,0.31277241750293977,0.575,6.0,Bursty_2x,Dueling DDQN
127,3894.589826891428,0.925,0.07499999999999996,-39.57388196468353,0.07031136751174927,0.39171168208122253,0.52,0.3074316625763107,0.6,6.0,Bursty_2x,Dueling DDQN
128,3946.8118716261665,0.93,0.06999999999999995,-39.82943515300751,0.07357126474380493,0.3937695622444153,0.515,0.308725436053979,0.59,6.0,Bursty_2x,Dueling DDQN
129,3520.539076731324,0.895,0.10499999999999998,-37.965745120048524,0.06820964813232422,0.3490690588951111,0.495,0.3085168561163595,0.6,6.0,Bursty_2x,Dueling DDQN
100,9410.40164766023,0.975,0.025000000000000022,-47.06868429660797,0.09051811695098877,0.6481465101242065,0.84,0.09937514369574638,0.91,4.0,Bursty_2x,Vanilla DQN
101,8498.375698862024,0.975,0.025000000000000022,-46.82756724357605,0.08239048719406128,0.5854905843734741,0.835,0.09937514369574638,0.91,4.0,Bursty_2x,Vanilla DQN
102,8983.538109282948,0.98,0.020000000000000018,-47.21724141120911,0.08874976634979248,0.61863112449646,0.84,0.1006350058487275,0.905,4.0,Bursty_2x,Vanilla DQN
103,8653.683716899519,0.975,0.025000000000000022,-47.23894803524017,0.08474463224411011,0.5958924889564514,0.815,0.10500119051586192,0.9,4.0,Bursty_2x,Vanilla DQN
104,8872.40994890528,0.98,0.020000000000000018,-47.521572265625,0.08735281229019165,0.6109331250190735,0.84,0.0932140672473273,0.915,4.0,Bursty_2x,Vanilla DQN
105,8475.535850704495,0.98,0.020000000000000018,-47.5135040473938,0.08256995677947998,0.5835030674934387,0.83,0.09637833333399247,0.91,4.0,Bursty_2x,Vanilla DQN
106,8957.186417553483,0.98,0.020000000000000018,-47.588724308013916,0.08672857284545898,0.6164039373397827,0.835,0.09623570682633178,0.905,3.0,Bursty_2x,Vanilla DQN
107,8725.007665603216,0.98,0.020000000000000018,-47.29175553798675,0.08632838726043701,0.6009642481803894,0.835,0.1072125117982146,0.9,4.0,Bursty_2x,Vanilla DQN
108,9234.252131257,0.985,0.015000000000000013,-47.69207495689392,0.08776187896728516,0.6354402303695679,0.845,0.09272836521366297,0.915,4.0,Bursty_2x,Vanilla DQN
109,8075.884161592668,0.965,0.03500000000000003,-46.41985976219177,0.08291923999786377,0.5576135516166687,0.805,0.11847575694669536,0.885,4.0,Bursty_2x,Vanilla DQN
110,8682.204099121664,0.985,0.015000000000000013,-47.65361578941345,0.08561897277832031,0.5972570776939392,0.85,0.08478846631550525,0.92,3.0,Bursty_2x,Vanilla DQN
111,8652.1351034303,0.98,0.020000000000000018,-47.0865762424469,0.08686631917953491,0.5970548987388611,0.82,0.1006350058487275,0.905,4.0,Bursty_2x,Vanilla DQN
112,8923.905672744215,0.985,0.015000000000000013,-47.43106124401093,0.08517098426818848,0.6144725680351257,0.845,0.0884454186842178,0.915,3.0,Bursty_2x,Vanilla DQN
113,9061.614688082009,0.98,0.020000000000000018,-47.700365962982175,0.08716380596160889,0.6240503191947937,0.835,0.09197903431159674,0.91,3.0,Bursty_2x,Vanilla DQN
114,8703.467712564336,0.98,0.020000000000000018,-47.43608451366425,0.08604174852371216,0.6000423431396484,0.815,0.10860051787707312,0.895,4.0,Bursty_2x,Vanilla DQN
115,9160.876354203569,0.985,0.015000000000000013,-47.8765346288681,0.08887797594070435,0.6309019327163696,0.84,0.0932140672473273,0.915,4.0,Bursty_2x,Vanilla DQN
116,9077.344466382707,0.98,0.020000000000000018,-47.9318459892273,0.08564484119415283,0.6245687007904053,0.855,0.08478846631550525,0.92,3.0,Bursty_2x,Vanilla DQN
117,8822.660751912923,0.975,0.025000000000000022,-47.11710121631622,0.08694714307785034,0.6072838306427002,0.835,0.09637833333399247,0.91,4.0,Bursty_2x,Vanilla DQN
118,9363.466933016922,0.98,0.020000000000000018,-47.5884787940979,0.09021484851837158,0.6441312432289124,0.85,0.08051060795902534,0.93,4.0,Bursty_2x,Vanilla DQN
119,8746.00316684865,0.985,0.015000000000000013,-47.58166656494141,0.08697819709777832,0.602311372756958,0.825,0.11225312074094826,0.895,4.0,Bursty_2x,Vanilla DQN
120,8676.482674014715,0.985,0.015000000000000013,-47.414454259872436,0.08645546436309814,0.5971766114234924,0.83,0.09637833333399247,0.91,4.0,Bursty_2x,Vanilla DQN
121,9281.540886572053,0.98,0.020000000000000018,-47.28414449214935,0.08878952264785767,0.6392428874969482,0.835,0.09272836521366297,0.915,4.0,Bursty_2x,Vanilla DQN
122,8322.415748631742,0.98,0.020000000000000018,-47.6044334602356,0.0845223069190979,0.573284387588501,0.835,0.09699206035215732,0.91,4.0,Bursty_2x,Vanilla DQN
123,9003.974770880772,0.98,0.020000000000000018,-47.4659946680069,0.08821779489517212,0.6198882460594177,0.85,0.07841582746046814,0.93,4.0,Bursty_2x,Vanilla DQN
124,8578.933282229116,0.98,0.020000000000000018,-47.49012927532196,0.08593827486038208,0.5906442403793335,0.835,0.10605191873909252,0.9,4.0,Bursty_2x,Vanilla DQN
125,8654.827685989458,0.98,0.020000000000000018,-47.53567058086395,0.08514457941055298,0.5962011218070984,0.815,0.10605191873909252,0.9,4.0,Bursty_2x,Vanilla DQN
126,8806.286529773879,0.975,0.025000000000000022,-47.23788620948792,0.08738470077514648,0.6068806648254395,0.825,0.09637833333399247,0.91,4.0,Bursty_2x,Vanilla DQN
127,9065.815364801889,0.98,0.020000000000000018,-47.17782749652863,0.08604419231414795,0.6238798499107361,0.85,0.09272836521366297,0.915,4.0,Bursty_2x,Vanilla DQN
128,9217.471641499786,0.975,0.025000000000000022,-47.384108800888065,0.08936083316802979,0.6340160965919495,0.845,0.0882436699907479,0.92,4.0,Bursty_2x,Vanilla DQN
129,8500.36311434996,0.97,0.030000000000000027,-46.6400371837616,0.08421331644058228,0.5860024094581604,0.83,0.10314611417681707,0.905,4.0,Bursty_2x,Vanilla DQN
100,183.0258707790125,0.268,0.732,8.65024855518341,0.0376794695854187,0.019975859299302103,0.0,0.8167041940038047,0.089,33.6,Bursty_2x,PPO
101,171.16499454683904,0.298,0.7020000000000001,7.420714860916138,0.034297513961791995,0.019284861162304878,0.0,0.8160105579177743,0.089,33.6,Bursty_2x,PPO
102,184.00468269870456,0.297,0.703,7.207850658416748,0.03689067363739014,0.020834476873278617,0.0,0.8162275773350867,0.089,33.6,Bursty_2x,PPO
103,175.76079484332013,0.298,0.702,7.278736227035523,0.03533526659011841,0.019757120683789254,0.0,0.8160105579177743,0.089,33.6,Bursty_2x,PPO
104,179.0705701635385,0.267,0.733,8.493909308433533,0.03622292280197144,0.01984982043504715,0.0,0.815766146375322,0.09,33.6,Bursty_2x,PPO
105,168.63443442279475,0.31,0.69,6.914437026023864,0.03411552906036377,0.017951829917728902,0.0,0.815766146375322,0.09,33.6,Bursty_2x,PPO
106,181.45184583192838,0.303,0.6970000000000001,6.937308060646058,0.03608987331390381,0.020839784666895865,0.0,0.8162019723381867,0.089,33.6,Bursty_2x,PPO
107,179.85342731243034,0.302,0.698,7.091219541549682,0.035964679718017575,0.020822839066386222,0.0,0.8156409332043593,0.09,33.6,Bursty_2x,PPO
108,180.20710566372026,0.294,0.7060000000000001,7.6086919355392455,0.036435484886169434,0.020709742233157157,0.0,0.8160390191183279,0.089,33.6,Bursty_2x,PPO
109,172.38221862572968,0.28300000000000003,0.717,7.894169921875,0.034838521480560304,0.019513366930186748,0.0,0.8159831657926343,0.09,33.6,Bursty_2x,PPO
110,175.43420865831035,0.278,0.7220000000000001,8.005345828056335,0.03535785675048828,0.019996031560003756,0.0,0.8158038864242181,0.09,33.6,Bursty_2x,PPO
111,178.8791028390237,0.298,0.7020000000000001,7.188298653602599,0.036145341396331784,0.019774385914206504,0.0,0.8159694349950586,0.09,33.6,Bursty_2x,PPO
112,175.59944083160127,0.302,0.6980000000000001,7.094427109718322,0.03521497249603271,0.01976318992674351,0.0,0.815886413822225,0.09,33.6,Bursty_2x,PPO
113,178.1965976217071,0.282,0.718,7.880315845489501,0.03605879545211792,0.01971273235976696,0.0,0.8163675209090272,0.089,33.6,Bursty_2x,PPO
114,178.71994845901634,0.25999999999999995,0.74,8.738671340942384,0.036024272441864014,0.021602863073349,0.0,0.8161735111376333,0.089,33.6,Bursty_2x,PPO
115,181.34948557602075,0.297,0.703,7.366547205924988,0.0368842601776123,0.0201787106692791,0.0,0.8159290995951809,0.09,33.6,Bursty_2x,PPO
116,173.59808052703164,0.292,0.708,7.573456025123596,0.03538070917129517,0.01916373409330845,0.0,0.8157946075758755,0.09,33.6,Bursty_2x,PPO
117,175.70365737137362,0.297,0.7030000000000001,7.531753325462342,0.03598462343215943,0.0194502592086792,0.0,0.8162019723381867,0.089,33.6,Bursty_2x,PPO
118,185.33508969559784,0.24900000000000003,0.751,9.10746514415741,0.03745024204254151,0.021473873406648636,0.0,0.8160105579177743,0.089,33.6,Bursty_2x,PPO
119,179.77967685603204,0.29900000000000004,0.701,7.130539856910706,0.03626641035079956,0.019969638250768185,0.0,0.8161735111376333,0.089,33.6,Bursty_2x,PPO
120,176.18266049542694,0.306,0.6940000000000001,7.099506931304932,0.03582565784454346,0.01968606375157833,0.0,0.8156409332043593,0.09,33.6,Bursty_2x,PPO
121,182.04058709638232,0.325,0.675,6.508497837066651,0.03692760467529297,0.020331865549087523,0.0,0.8158323476247716,0.09,33.6,Bursty_2x,PPO
122,171.54331393315942,0.31399999999999995,0.686,6.794259944915771,0.035029935836791995,0.018489673174917697,0.0,0.8159575607957343,0.09,33.6,Bursty_2x,PPO
123,178.925963363721,0.304,0.6960000000000001,7.304195620536804,0.03643547296524048,0.01990182716399431,0.0,0.8162423077380645,0.089,33.6,Bursty_2x,PPO
124,174.95763323753232,0.29500000000000004,0.705,7.857807323455811,0.035723209381103516,0.019327768683433534,0.0,0.8159575607957343,0.09,33.6,Bursty_2x,PPO
125,173.5776586318785,0.27599999999999997,0.724,8.328030710220336,0.03542308807373047,0.01898084841668606,0.0,0.8159138059473652,0.089,33.6,Bursty_2x,PPO
126,177.82455399196058,0.281,0.7190000000000001,8.017796013832093,0.0362751841545105,0.019797294028103353,0.0,0.8157946075758755,0.09,33.6,Bursty_2x,PPO
127,175.06578910542112,0.306,0.694,7.218169439315796,0.035616159439086914,0.01914464756846428,0.0,0.8163694075413318,0.089,33.6,Bursty_2x,PPO
128,181.42186196544512,0.276,0.724,8.187078207969666,0.037094926834106444,0.02071261629462242,0.0,0.8160390191183279,0.089,33.6,Bursty_2x,PPO
129,175.01046410810923,0.303,0.697,7.236360970497131,0.03500396013259888,0.019917908124625683,0.0,0.815766146375322,0.09,33.6,Bursty_2x,PPO
100,149.39656993577367,0.085,0.915,16.549879784584046,0.03681838512420654,0.013989293947815895,0.0,0.7521061379171071,0.125,28.0,Nonstationary,ADDQN
101,138.3783560490096,0.095,0.905,16.19178032875061,0.03348439931869507,0.012697858735918999,0.0,0.7168139450728115,0.14,25.0,Nonstationary,ADDQN
102,146.06182932803804,0.095,0.905,16.273961629867554,0.035913288593292236,0.013580551370978355,0.0,0.745603328294986,0.13,29.0,Nonstationary,ADDQN
103,139.90036108410766,0.09,0.91,16.40236625671387,0.03448343276977539,0.013263165019452572,0.0,0.7287622243261469,0.125,27.0,Nonstationary,ADDQN
104,144.13534487085582,0.095,0.905,16.295726389884948,0.035371601581573486,0.013619458302855492,0.0,0.7315635036310077,0.115,29.0,Nonstationary,ADDQN
105,137.93256738025323,0.155,0.845,14.16170392036438,0.033421337604522705,0.012608449906110764,0.0,0.7449649503776977,0.145,30.0,Nonstationary,ADDQN
106,142.51390349393859,0.105,0.895,15.90376368522644,0.03510308265686035,0.013493448495864868,0.0,0.763789294616957,0.135,32.0,Nonstationary,ADDQN
107,144.3590185928907,0.095,0.905,16.254432530403136,0.03502553701400757,0.013396615162491798,0.0,0.7718619054053191,0.11,31.0,Nonstationary,ADDQN
108,145.0295501064693,0.105,0.895,15.848016934394836,0.03552168607711792,0.0137101411819458,0.0,0.7520578262879472,0.12,31.0,Nonstationary,ADDQN
109,140.04148184174835,0.09,0.91,16.34906371116638,0.034055471420288086,0.013329960405826569,0.0,0.7318333983481091,0.145,26.0,Nonstationary,ADDQN
110,140.13251761493342,0.09,0.91,16.490548572540284,0.034522056579589844,0.013076972216367722,0.0,0.747776133078168,0.13,29.0,Nonstationary,ADDQN
111,143.9475171513864,0.09,0.91,16.287840304374694,0.0353052020072937,0.013429556973278522,0.0,0.7615331133670873,0.14,31.0,Nonstationary,ADDQN
112,141.8355626139041,0.115,0.885,15.487863478660584,0.03435713052749634,0.013301595114171505,0.0,0.7359738905058679,0.13,27.0,Nonstationary,ADDQN
113,141.87164837387002,0.08,0.92,16.738538479804994,0.03521031141281128,0.01347867026925087,0.0,0.7402831147923097,0.115,27.0,Nonstationary,ADDQN
114,142.63620077835228,0.08,0.92,16.808316903114317,0.03506731986999512,0.013568837195634842,0.0,0.7503898602796799,0.13,28.0,Nonstationary,ADDQN
115,148.55400566850804,0.125,0.875,15.132375764846802,0.036009907722473145,0.013791656121611595,0.0,0.760382564519511,0.11,29.0,Nonstationary,ADDQN
116,141.6861306469085,0.1,0.9,15.902725582122804,0.034575045108795166,0.013224809430539608,0.0,0.7509723133998032,0.125,28.0,Nonstationary,ADDQN
117,143.94063654217288,0.1,0.9,16.04521462917328,0.035203516483306885,0.013526189140975475,0.0,0.7284073559216468,0.13,29.0,Nonstationary,ADDQN
118,149.81646686806792,0.065,0.935,17.27984944343567,0.03647977113723755,0.014020965434610844,0.0,0.7879455633122205,0.115,32.0,Nonstationary,ADDQN
119,143.47669239901606,0.085,0.915,16.446570734977723,0.03542715311050415,0.013922438956797123,0.0,0.7432304723556181,0.13,29.0,Nonstationary,ADDQN
120,142.55448061957625,0.085,0.915,16.440603690147398,0.03503793478012085,0.013408281840384007,0.0,0.7299625474294658,0.125,27.0,Nonstationary,ADDQN
121,145.92951124732605,0.09,0.91,16.43937517166138,0.03602170944213867,0.014015124179422855,0.0,0.7538835581925772,0.135,30.0,Nonstationary,ADDQN
122,141.33369369723948,0.125,0.875,15.161829614639283,0.034299254417419434,0.013253740034997463,0.0,0.7446603315704716,0.13,25.0,Nonstationary,ADDQN
123,145.73626801116666,0.09,0.91,16.334444417953492,0.03558039665222168,0.013682807795703411,0.0,0.7697141121816393,0.125,30.0,Nonstationary,ADDQN
124,141.827903126887,0.075,0.925,16.93079376220703,0.034886300563812256,0.01338852196931839,0.0,0.7111330846771855,0.145,25.0,Nonstationary,ADDQN
125,141.83153311164918,0.08,0.92,16.587917098999025,0.03464996814727783,0.013438098132610321,0.0,0.7857323096520018,0.105,32.0,Nonstationary,ADDQN
126,143.461278073,0.065,0.935,17.188184208869934,0.03546249866485596,0.013819999992847443,0.0,0.7521900452784618,0.13,28.0,Nonstationary,ADDQN
127,143.99162528992278,0.105,0.895,15.806254091262817,0.03480345010757446,0.013409568928182125,0.0,0.7409282740190095,0.11,26.0,Nonstationary,ADDQN
128,145.83365882852422,0.07,0.9299999999999999,17.099873213768007,0.03618437051773071,0.013946372084319592,0.0,0.7562540341940206,0.115,30.0,Nonstationary,ADDQN
129,140.67094876539682,0.11,0.89,15.758270826339722,0.03415912389755249,0.012979293242096901,0.0,0.7207610790990788,0.13,26.0,Nonstationary,ADDQN
100,7778.1126935643915,0.94,0.06000000000000005,-43.152128148078916,0.08528918027877808,0.6079087853431702,0.755,0.16332815506444495,0.815,4.0,Nonstationary,Vanilla DDQN
101,6978.764430851885,0.95,0.050000000000000044,-43.156153964996335,0.07686209678649902,0.5388875603675842,0.745,0.1644664198111332,0.81,4.0,Nonstationary,Vanilla DDQN
102,7224.606143788793,0.94,0.06000000000000005,-42.83626087665558,0.0826839804649353,0.5691056251525879,0.74,0.17153661665642297,0.805,4.0,Nonstationary,Vanilla DDQN
103,6952.728299190167,0.955,0.04500000000000004,-43.02720283985138,0.07888966798782349,0.5509501099586487,0.72,0.17040782820624123,0.8,4.0,Nonstationary,Vanilla DDQN
104,7155.100774377157,0.95,0.050000000000000044,-42.73050280570984,0.08140099048614502,0.5606594085693359,0.735,0.16434162971060018,0.81,4.0,Nonstationary,Vanilla DDQN
105,6572.776868179622,0.95,0.050000000000000044,-42.58820405960083,0.07589864730834961,0.5168349742889404,0.715,0.17572887760747724,0.8,5.0,Nonstationary,Vanilla DDQN
106,7098.840779087602,0.965,0.03500000000000003,-43.69174225330353,0.08071452379226685,0.5622173547744751,0.73,0.1740136512632202,0.795,4.0,Nonstationary,Vanilla DDQN
107,6978.374770410117,0.935,0.06499999999999995,-42.643006672859194,0.0800672173500061,0.5398477911949158,0.735,0.17352310568792217,0.805,5.0,Nonstationary,Vanilla DDQN
108,7368.47471468443,0.935,0.06499999999999995,-42.491860299110414,0.08135610818862915,0.5742613673210144,0.745,0.16975904975257358,0.81,5.0,Nonstationary,Vanilla DDQN
109,6794.802529479211,0.95,0.050000000000000044,-43.346257452964785,0.0780298113822937,0.5279260277748108,0.725,0.17621541604132354,0.795,4.0,Nonstationary,Vanilla DDQN
110,6755.445398555371,0.965,0.03500000000000003,-43.411698293685916,0.07927274703979492,0.5356156826019287,0.735,0.16734077060662234,0.815,5.0,Nonstationary,Vanilla DDQN
111,7032.71547215417,0.95,0.050000000000000044,-43.36169867038727,0.08125346899032593,0.5539494156837463,0.725,0.16810568564594874,0.805,4.0,Nonstationary,Vanilla DDQN
112,6924.933713010251,0.95,0.050000000000000044,-42.41433240413666,0.07873058319091797,0.5601047277450562,0.72,0.17566251135975589,0.79,4.0,Nonstationary,Vanilla DDQN
113,7083.2244142773425,0.93,0.06999999999999995,-41.946937394142154,0.0810384750366211,0.5693526864051819,0.725,0.17265463424389424,0.795,4.0,Nonstationary,Vanilla DDQN
114,7111.470833258496,0.945,0.05500000000000005,-43.093471412658694,0.08033710718154907,0.5546172857284546,0.725,0.17713691699124082,0.8,5.0,Nonstationary,Vanilla DDQN
115,7527.7618454316735,0.965,0.03500000000000003,-44.109335494041446,0.0831800103187561,0.5829629302024841,0.745,0.15943197575400186,0.815,4.0,Nonstationary,Vanilla DDQN
116,7350.794406549179,0.94,0.06000000000000005,-42.93123893737793,0.07963818311691284,0.5747031569480896,0.755,0.1556006055318048,0.825,4.0,Nonstationary,Vanilla DDQN
117,7108.366122043462,0.94,0.06000000000000005,-43.00165365695953,0.08094257116317749,0.5504366755485535,0.74,0.16574643421039625,0.81,4.0,Nonstationary,Vanilla DDQN
118,7586.117750840332,0.965,0.03500000000000003,-43.468368215560915,0.08415055274963379,0.5883750319480896,0.75,0.14895925362411774,0.835,4.0,Nonstationary,Vanilla DDQN
119,6969.917500611773,0.935,0.06499999999999995,-42.381080260276796,0.0807076096534729,0.5466364026069641,0.72,0.1817663573776008,0.79,5.0,Nonstationary,Vanilla DDQN
120,6946.814965675023,0.95,0.050000000000000044,-42.85055847644806,0.08035963773727417,0.5465490818023682,0.725,0.16320392131410438,0.81,4.0,Nonstationary,Vanilla DDQN
121,7250.341381848501,0.945,0.05500000000000005,-42.29577450752258,0.08203667402267456,0.5704460740089417,0.715,0.1780939890933022,0.8,5.0,Nonstationary,Vanilla DDQN
122,6539.855654294277,0.965,0.03500000000000003,-43.350654726028445,0.07846283912658691,0.5250022411346436,0.715,0.17325668417014822,0.79,4.0,Nonstationary,Vanilla DDQN
123,6735.753164564206,0.95,0.050000000000000044,-42.5805141878128,0.08092200756072998,0.5395355820655823,0.715,0.17952000033482984,0.8,5.0,Nonstationary,Vanilla DDQN
124,6879.615522658041,0.96,0.040000000000000036,-43.37586784362793,0.08002680540084839,0.5445984601974487,0.72,0.17040782820624123,0.8,4.0,Nonstationary,Vanilla DDQN
125,7095.528149265365,0.955,0.04500000000000004,-43.23194415092468,0.0797114372253418,0.554724931716919,0.725,0.16574643421039625,0.81,4.0,Nonstationary,Vanilla DDQN
126,7102.091955384421,0.935,0.06499999999999995,-42.64261197090149,0.08125531673431396,0.5515690445899963,0.735,0.16332815506444495,0.815,4.0,Nonstationary,Vanilla DDQN
127,7326.345168149477,0.94,0.06000000000000005,-42.63583671092987,0.08033192157745361,0.5775753259658813,0.75,0.16197448865029368,0.815,4.0,Nonstationary,Vanilla DDQN
128,7340.447631833343,0.96,0.040000000000000036,-43.580763816833496,0.08331310749053955,0.5825437307357788,0.735,0.1640126794815663,0.805,4.0,Nonstationary,Vanilla DDQN
129,6729.422524120926,0.93,0.06999999999999995,-42.15934553146362,0.0782918930053711,0.5321996212005615,0.725,0.17772265240614332,0.79,5.0,Nonstationary,Vanilla DDQN
100,4749.106496998762,0.92,0.07999999999999996,-39.89384434223175,0.07674992084503174,0.4476376473903656,0.555,0.29062970464825155,0.62,6.0,Nonstationary,Dueling DDQN
101,3901.5393356847253,0.925,0.07499999999999996,-40.24857804298401,0.06772756576538086,0.3841210901737213,0.525,0.30673531053750386,0.6,6.0,Nonstationary,Dueling DDQN
102,4268.3673381991175,0.905,0.09499999999999997,-39.65839948177338,0.07444721460342407,0.4165470004081726,0.53,0.2901107910881855,0.62,5.0,Nonstationary,Dueling DDQN
103,4082.003743192319,0.925,0.07499999999999996,-40.53964618682861,0.07074218988418579,0.39105990529060364,0.52,0.31140155667669583,0.595,6.0,Nonstationary,Dueling DDQN
104,4065.0510285218256,0.94,0.06000000000000005,-40.744528555870055,0.07295721769332886,0.4006071388721466,0.515,0.2935466183490506,0.61,6.0,Nonstationary,Dueling DDQN
105,3342.883258207623,0.95,0.050000000000000044,-40.17654791355133,0.06604582071304321,0.36708247661590576,0.465,0.33548877326890675,0.555,6.0,Nonstationary,Dueling DDQN
106,4160.785225908813,0.925,0.07499999999999996,-39.89581175804138,0.07171601057052612,0.40290817618370056,0.515,0.3059356514065313,0.605,6.0,Nonstationary,Dueling DDQN
107,4292.234815132674,0.93,0.06999999999999995,-40.2603541469574,0.07237380743026733,0.40398329496383667,0.54,0.2936374273906829,0.635,6.0,Nonstationary,Dueling DDQN
108,4405.96319593424,0.93,0.06999999999999995,-40.67325007915497,0.07439857721328735,0.4469536542892456,0.535,0.2961322602344458,0.605,6.0,Nonstationary,Dueling DDQN
109,3719.6133189117368,0.9,0.09999999999999998,-37.51433153152466,0.0676121711730957,0.3482566773891449,0.49,0.3123724911899823,0.6,6.0,Nonstationary,Dueling DDQN
110,3711.2047007566416,0.92,0.07999999999999996,-40.1247290802002,0.06924605369567871,0.34414970874786377,0.505,0.30376225912524124,0.59,5.0,Nonstationary,Dueling DDQN
111,4207.646212482006,0.925,0.07499999999999996,-40.09031884670257,0.07254558801651001,0.4037047326564789,0.525,0.29281444457631967,0.615,6.0,Nonstationary,Dueling DDQN
112,4104.917672437132,0.92,0.07999999999999996,-40.174874782562256,0.07038706541061401,0.4007655382156372,0.52,0.2950813743657794,0.61,5.0,Nonstationary,Dueling DDQN
113,4518.907889457015,0.915,0.08499999999999996,-40.719920945167544,0.07382410764694214,0.44190219044685364,0.55,0.2850703626722713,0.625,5.0,Nonstationary,Dueling DDQN
114,4034.3875811051003,0.925,0.07499999999999996,-39.418815536499025,0.07174736261367798,0.39234447479248047,0.505,0.31015144729550664,0.59,6.0,Nonstationary,Dueling DDQN
115,4158.006265740739,0.915,0.08499999999999996,-39.43775648117065,0.07405436038970947,0.42368263006210327,0.52,0.3028668069895617,0.6,6.0,Nonstationary,Dueling DDQN
116,3866.113505918229,0.91,0.08999999999999997,-38.92474081039429,0.06940627098083496,0.3904190957546234,0.51,0.317486752333597,0.58,6.0,Nonstationary,Dueling DDQN
117,3701.5427918270543,0.915,0.08499999999999996,-39.71111295700073,0.07082927227020264,0.3862251341342926,0.48,0.31778147928543715,0.585,6.0,Nonstationary,Dueling DDQN
118,4554.537805647994,0.915,0.08499999999999996,-40.14096770763397,0.07591456174850464,0.4349559545516968,0.545,0.2792413012499904,0.64,6.0,Nonstationary,Dueling DDQN
119,4314.712486716739,0.915,0.08499999999999996,-40.36077974796295,0.07351553440093994,0.422733873128891,0.535,0.2919965261781473,0.615,5.0,Nonstationary,Dueling DDQN
120,3887.408688781407,0.935,0.06499999999999995,-40.51241534709931,0.07155865430831909,0.38233283162117004,0.495,0.31519142138754574,0.58,6.0,Nonstationary,Dueling DDQN
121,4552.223458769966,0.93,0.06999999999999995,-41.0354314661026,0.07442361116409302,0.4222725033760071,0.545,0.2946685531920325,0.62,6.0,Nonstationary,Dueling DDQN
122,3824.0126330397384,0.915,0.08499999999999996,-39.756124610900876,0.06971365213394165,0.36842232942581177,0.51,0.3011973336192207,0.615,6.0,Nonstationary,Dueling DDQN
123,4241.842142215803,0.915,0.08499999999999996,-40.32750154495239,0.07301318645477295,0.41061320900917053,0.53,0.29391914253494617,0.62,6.0,Nonstationary,Dueling DDQN
124,4067.6895594279085,0.905,0.09499999999999997,-39.43346569061279,0.07132554054260254,0.3991394340991974,0.515,0.2992887019016163,0.605,5.0,Nonstationary,Dueling DDQN
125,3986.319372057038,0.93,0.06999999999999995,-39.8075882768631,0.07024794816970825,0.39470914006233215,0.51,0.3052865554499576,0.6,6.0,Nonstationary,Dueling DDQN
126,3898.1228701202144,0.92,0.07999999999999996,-38.93811856746674,0.07102662324905396,0.38831374049186707,0.51,0.3114320873000425,0.595,6.0,Nonstationary,Dueling DDQN
127,4123.385471274859,0.925,0.07499999999999996,-40.184883103370666,0.07179009914398193,0.41874998807907104,0.52,0.30470625892039654,0.6,6.0,Nonstationary,Dueling DDQN
128,4203.634342295913,0.925,0.07499999999999996,-39.56726888179779,0.07358825206756592,0.41404619812965393,0.535,0.30325382425776365,0.61,6.0,Nonstationary,Dueling DDQN
129,3736.2368681980365,0.885,0.11499999999999999,-37.87065467834473,0.06867462396621704,0.36053094267845154,0.495,0.3067027653479704,0.61,6.0,Nonstationary,Dueling DDQN
100,9559.352978798841,0.975,0.025000000000000022,-47.06868429660797,0.09051811695098877,0.6584831476211548,0.84,0.09937514369574638,0.91,4.0,Nonstationary,Vanilla DQN
101,8647.324963464685,0.975,0.025000000000000022,-46.82756724357605,0.08239048719406128,0.5958271026611328,0.835,0.09937514369574638,0.91,4.0,Nonstationary,Vanilla DQN
102,9132.48836986492,0.98,0.020000000000000018,-47.21724141120911,0.08874976634979248,0.6289658546447754,0.84,0.1006350058487275,0.905,4.0,Nonstationary,Vanilla DQN
103,8802.633739787701,0.975,0.025000000000000022,-47.23894803524017,0.08474463224411011,0.6062267422676086,0.815,0.10500119051586192,0.9,4.0,Nonstationary,Vanilla DQN
104,9021.360104697516,0.98,0.020000000000000018,-47.521572265625,0.08735281229019165,0.6212688684463501,0.84,0.0932140672473273,0.915,4.0,Nonstationary,Vanilla DQN
105,8624.485668857875,0.98,0.020000000000000018,-47.5135040473938,0.08256995677947998,0.5938379764556885,0.83,0.09637833333399247,0.91,4.0,Nonstationary,Vanilla DQN
106,9106.136538136063,0.98,0.020000000000000018,-47.588724308013916,0.08672857284545898,0.6267396211624146,0.835,0.09623570682633178,0.905,3.0,Nonstationary,Vanilla DQN
107,8873.95739842182,0.98,0.020000000000000018,-47.29175553798675,0.08632838726043701,0.6112995743751526,0.835,0.1072125117982146,0.9,4.0,Nonstationary,Vanilla DQN
108,9383.202260727827,0.985,0.015000000000000013,-47.69207495689392,0.08776187896728516,0.6457765102386475,0.845,0.09272836521366297,0.915,4.0,Nonstationary,Vanilla DQN
109,8224.835020204728,0.965,0.03500000000000003,-46.41985976219177,0.08291923999786377,0.5679460167884827,0.805,0.11847575694669536,0.885,4.0,Nonstationary,Vanilla DQN
110,8831.153533859822,0.985,0.015000000000000013,-47.65361578941345,0.08561897277832031,0.607593297958374,0.85,0.08478846631550525,0.92,3.0,Nonstationary,Vanilla DQN
111,8801.084896978886,0.98,0.020000000000000018,-47.0865762424469,0.08686631917953491,0.6073843836784363,0.82,0.1006350058487275,0.905,4.0,Nonstationary,Vanilla DQN
112,9072.855795005262,0.985,0.015000000000000013,-47.43106124401093,0.08517098426818848,0.6248058080673218,0.845,0.0884454186842178,0.915,3.0,Nonstationary,Vanilla DQN
113,9210.5649855521,0.98,0.020000000000000018,-47.700365962982175,0.08716380596160889,0.6343836784362793,0.835,0.09197903431159674,0.91,3.0,Nonstationary,Vanilla DQN
114,8852.417235917912,0.98,0.020000000000000018,-47.43608451366425,0.08604174852371216,0.6103785634040833,0.815,0.10860051787707312,0.895,4.0,Nonstationary,Vanilla DQN
115,9309.826173196183,0.985,0.015000000000000013,-47.8765346288681,0.08887797594070435,0.6412380933761597,0.84,0.0932140672473273,0.915,4.0,Nonstationary,Vanilla DQN
116,9226.295409909928,0.98,0.020000000000000018,-47.9318459892273,0.08564484119415283,0.6349053978919983,0.855,0.08478846631550525,0.92,3.0,Nonstationary,Vanilla DQN
117,8971.609886434408,0.975,0.025000000000000022,-47.11710121631622,0.08694714307785034,0.6176192760467529,0.835,0.09637833333399247,0.91,4.0,Nonstationary,Vanilla DQN
118,9512.418668208267,0.98,0.020000000000000018,-47.5884787940979,0.09021484851837158,0.6544681787490845,0.85,0.08051060795902534,0.93,4.0,Nonstationary,Vanilla DQN
119,8894.952807542315,0.985,0.015000000000000013,-47.58166656494141,0.08697819709777832,0.6126469969749451,0.825,0.11225312074094826,0.895,4.0,Nonstationary,Vanilla DQN
120,8825.431601894048,0.985,0.015000000000000013,-47.414454259872436,0.08645546436309814,0.6075122356414795,0.83,0.09637833333399247,0.91,4.0,Nonstationary,Vanilla DQN
121,9430.492012785126,0.98,0.020000000000000018,-47.28414449214935,0.08878952264785767,0.6495794057846069,0.835,0.09272836521366297,0.915,4.0,Nonstationary,Vanilla DQN
122,8471.36629829147,0.98,0.020000000000000018,-47.6044334602356,0.0845223069190979,0.5836187601089478,0.835,0.09699206035215732,0.91,4.0,Nonstationary,Vanilla DQN
123,9152.924923316075,0.98,0.020000000000000018,-47.4659946680069,0.08821779489517212,0.6302218437194824,0.85,0.07841582746046814,0.93,4.0,Nonstationary,Vanilla DQN
124,8727.88346148174,0.98,0.020000000000000018,-47.49012927532196,0.08593827486038208,0.6009779572486877,0.835,0.10605191873909252,0.9,4.0,Nonstationary,Vanilla DQN
125,8803.776595443802,0.98,0.020000000000000018,-47.53567058086395,0.08514457941055298,0.6065331697463989,0.815,0.10605191873909252,0.9,4.0,Nonstationary,Vanilla DQN
126,8955.23688911836,0.975,0.025000000000000022,-47.23788620948792,0.08738470077514648,0.6172136068344116,0.825,0.09637833333399247,0.91,4.0,Nonstationary,Vanilla DQN
127,9214.766327211863,0.98,0.020000000000000018,-47.17782749652863,0.08604419231414795,0.6342163681983948,0.85,0.09272836521366297,0.915,4.0,Nonstationary,Vanilla DQN
128,9366.421805455473,0.975,0.025000000000000022,-47.384108800888065,0.08936083316802979,0.6443527340888977,0.845,0.0882436699907479,0.92,4.0,Nonstationary,Vanilla DQN
129,8649.311579849838,0.97,0.030000000000000027,-46.6400371837616,0.08421331644058228,0.5963361263275146,0.83,0.10314611417681707,0.905,4.0,Nonstationary,Vanilla DQN
100,189.96006504104025,0.298,0.702,7.259088234901428,0.037954092025756836,0.023449622094631195,0.0,0.8164597824613523,0.09,33.6,Nonstationary,PPO
101,174.01371413607245,0.303,0.697,6.957689936637879,0.03440113067626953,0.021363497525453568,0.0,0.815766146375322,0.09,33.6,Nonstationary,PPO
102,189.97068716809923,0.321,0.679,6.106880618095397,0.037102246284484865,0.023827488720417022,0.0,0.8159831657926343,0.09,33.6,Nonstationary,PPO
103,178.51233623850754,0.312,0.6880000000000001,6.590714353561401,0.035420334339141844,0.021762683242559432,0.0,0.815766146375322,0.09,33.6,Nonstationary,PPO
104,187.51360786848312,0.293,0.7070000000000001,6.984074455261231,0.03649517297744751,0.023486946523189545,0.0,0.815766146375322,0.09,33.6,Nonstationary,PPO
105,176.75232756120343,0.344,0.656,5.372686170578003,0.03441462516784668,0.021877768635749816,0.0,0.815766146375322,0.09,33.6,Nonstationary,PPO
106,187.3545028100587,0.33199999999999996,0.6679999999999999,5.64768821144104,0.03632231950759888,0.024229646474123002,0.0,0.8159575607957343,0.09,33.6,Nonstationary,PPO
107,184.19363654762168,0.316,0.6839999999999999,6.358453365325928,0.036162722110748294,0.02345668449997902,0.0,0.8156409332043593,0.09,33.6,Nonstationary,PPO
108,187.52866856569398,0.312,0.688,6.522328763008117,0.03672612905502319,0.024329623952507973,0.0,0.8157946075758755,0.09,33.6,Nonstationary,PPO
109,178.80625851649583,0.296,0.704,7.2073148202896125,0.035087978839874266,0.022909577935934067,0.0,0.8161231093665748,0.09,33.6,Nonstationary,PPO
110,181.04909919652602,0.305,0.6950000000000001,6.869413241386414,0.03559254407882691,0.023142156749963762,0.0,0.8158038864242181,0.09,33.6,Nonstationary,PPO
111,184.09644906523906,0.311,0.6890000000000001,6.477352362632752,0.03633279800415039,0.022658902034163476,0.0,0.8159694349950586,0.09,33.6,Nonstationary,PPO
112,179.73998779529296,0.315,0.6849999999999999,6.518287327766418,0.035400676727294925,0.022285676375031472,0.0,0.8160263573961656,0.09,33.6,Nonstationary,PPO
113,184.6296889593879,0.312,0.688,6.464710492134094,0.03626624345779419,0.022528643161058425,0.0,0.8161231093665748,0.09,33.6,Nonstationary,PPO
114,184.27824367605356,0.288,0.712,7.559484455108643,0.03624460697174072,0.02513764388859272,0.0,0.8164444012155982,0.09,33.6,Nonstationary,PPO
115,189.94266797767784,0.324,0.6759999999999999,5.970964206695557,0.037219560146331786,0.024355199560523032,0.0,0.8160690431691213,0.09,33.6,Nonstationary,PPO
116,178.79692890616678,0.313,0.687,6.567576516151428,0.035575258731842044,0.022094341367483138,0.0,0.8157946075758755,0.09,33.6,Nonstationary,PPO
117,182.45679442152544,0.317,0.683,6.545330902099609,0.03626470565795899,0.022884272783994675,0.0,0.8160975043696747,0.09,33.6,Nonstationary,PPO
118,191.1760380703461,0.27,0.7300000000000001,8.139897801399231,0.03770213127136231,0.024606892839074135,0.0,0.8159060899492625,0.09,33.6,Nonstationary,PPO
119,187.97110887288153,0.321,0.679,6.011559717178345,0.03660486936569214,0.024061455205082894,0.0,0.8160690431691213,0.09,33.6,Nonstationary,PPO
120,183.86544261231688,0.329,0.671,5.952605940818787,0.0361405611038208,0.023661736771464346,0.0,0.8157808767782997,0.09,33.6,Nonstationary,PPO
121,189.21727429549807,0.34900000000000003,0.651,5.249311676025391,0.0372053861618042,0.02375273369252682,0.0,0.815972291198712,0.09,33.6,Nonstationary,PPO
122,176.89401577499063,0.331,0.6689999999999999,5.894022822380066,0.035240769386291504,0.021380189806222916,0.0,0.8160975043696747,0.09,33.6,Nonstationary,PPO
123,185.07549815995895,0.32999999999999996,0.67,6.063772622108459,0.03666166067123413,0.022913413122296333,0.0,0.8163822513120049,0.089,33.6,Nonstationary,PPO
124,180.61463986413827,0.30999999999999994,0.6900000000000001,6.903954557418823,0.03590602874755859,0.022387242317199706,0.0,0.8159575607957343,0.09,33.6,Nonstationary,PPO
125,180.49071255882328,0.303,0.697,6.930639774322509,0.03565758466720581,0.02182370685040951,0.0,0.8159138059473652,0.089,33.6,Nonstationary,PPO
126,184.23121067397506,0.31,0.6900000000000001,6.729884955406189,0.036526167392730714,0.023019349575042723,0.0,0.815934551149816,0.09,33.6,Nonstationary,PPO
127,180.75911745930293,0.323,0.6769999999999999,6.265310667037964,0.03582905530929566,0.022285833954811096,0.0,0.8160252883207522,0.089,33.6,Nonstationary,PPO
128,187.39998351886615,0.305,0.6950000000000001,6.930497828483581,0.0373210072517395,0.02399338744580746,0.0,0.8157946075758755,0.09,33.6,Nonstationary,PPO
129,180.05857427370523,0.315,0.6849999999999999,6.630042428970337,0.03521109819412231,0.022974845394492148,0.0,0.8159060899492625,0.09,33.6,Nonstationary,PPO
