num_nodes,method,rt_mean_ms,rt_sd_ms,dmr_mean,dmr_sd,deadline_met_percent,reward_mean,energy_depletion_mean,load_imbalance_mean,training_time_min,parameters,dmr_percent,dmr_sd_percent,parameter_growth_vs_15x
15,ADDQN,134.931179,2.673971,0.0305,0.012754,96.95,18.587999,0.033128,0.006019,14.25,85200,3.05,1.2753999999999999,1.0
15,Vanilla DDQN,134.483862,2.884442,0.0265,0.01076,97.35,18.709627,0.032998,0.005425,7.38,89103,2.65,1.076,1.0
15,Dueling DDQN,140.566801,3.178982,0.0725,0.016015,92.75,17.025931,0.033177,0.006223,8.36,89360,7.249999999999999,1.6015000000000001,1.0
15,Vanilla DQN,145.984598,2.707864,0.119167,0.021738,88.0833,15.336801,0.032958,0.005277,6.74,89103,11.916699999999999,2.1738,1.0
15,PPO,156.851479,3.182354,0.206267,0.019225,79.3733,11.863922,0.033231,0.006634,3.31,89360,20.6267,1.9224999999999999,1.0
50,ADDQN,141.66474330100033,2.822550671118045,0.08816666666666668,0.01835865544872656,91.18333333333334,16.49540823173523,0.03491400281588232,0.01134381194909408,14.83,161395,8.816666666666668,1.8358655448726562,1.8943075117370891
50,Vanilla DDQN,6090.910939489132,265.77101687686684,0.9358333333333334,0.01175051967547297,6.4166666666666625,-41.48759299564361,0.07861168583234147,0.4963759511709213,7.13,142898,93.58333333333334,1.175051967547297,1.6037394924974469
50,Dueling DDQN,2782.8731352662307,244.5313915968391,0.9069999999999999,0.01584406774659276,9.299999999999994,-38.21017871236801,0.0678622504075368,0.3061971113085747,8.26,143155,90.69999999999999,1.584406774659276,1.602003133393017
50,Vanilla DQN,8456.56776599384,316.4378572945351,0.9791666666666667,0.004564354645876388,2.0833333333333335,-47.36726497459413,0.08652198910713192,0.5821616053581238,6.81,142898,97.91666666666667,0.4564354645876388,1.6037394924974469
50,PPO,166.20363252802503,3.4811272760314576,0.24106666666666665,0.016784502978339427,75.89333333333333,10.038670118204752,0.03547216534614558,0.015151046601434499,1.53,143155,24.106666666666666,1.6784502978339426,1.602003133393017
100,ADDQN,5526.572795213148,429.7378742176887,0.9259999999999999,0.022871454878862902,7.399999999999992,-40.758540507316596,0.07581336100896197,0.33451982140541076,20.58,270245,92.6,2.2871454878862902,3.171889671361502
100,Vanilla DDQN,2815.768835472193,201.8872831610911,0.93,0.013582443028435231,6.999999999999992,-39.44623442522685,0.06773118178049718,0.20459542373816167,9.4,219748,93.0,1.3582443028435232,2.4662244817795136
100,Dueling DDQN,3925.87873818565,242.1741832490222,0.9398333333333332,0.01004158022092801,6.016666666666662,-41.61495999749502,0.07389616171518958,0.26717026978731157,10.19,220005,93.98333333333332,1.004158022092801,2.4620076096687558
100,Vanilla DQN,4871.822091302322,228.0488771424079,0.9768333333333334,0.005795856625468626,2.3166666666666673,-46.53144349193574,0.07902068297068275,0.32264920274416603,8.88,219748,97.68333333333334,0.5795856625468626,2.4662244817795136
100,PPO,188.83295789747845,5.235349151210071,0.3382666666666667,0.01628397421061437,66.17333333333335,5.372351233418783,0.03639328281084692,0.01985378999883925,1.91,220005,33.82666666666667,1.628397421061437,2.4620076096687558
