Nodes,Method,Response Time (ms),DMR (%),Deadline Met (%),Training Time (min),Parameters,Parameter Growth
15,ADDQN,134.93 ± 2.67,3.05 ± 1.28,96.95,14.25,"85,200",1.00×
15,Vanilla DDQN,134.48 ± 2.88,2.65 ± 1.08,97.35,7.38,"89,103",1.00×
15,Dueling DDQN,140.57 ± 3.18,7.25 ± 1.60,92.75,8.36,"89,360",1.00×
15,Vanilla DQN,145.98 ± 2.71,11.92 ± 2.17,88.08,6.74,"89,103",1.00×
15,PPO,156.85 ± 3.18,20.63 ± 1.92,79.37,3.31,"89,360",1.00×
50,ADDQN,141.66 ± 2.82,8.82 ± 1.84,91.18,14.83,"161,395",1.89×
50,Vanilla DDQN,6090.91 ± 265.77,93.58 ± 1.18,6.42,7.13,"142,898",1.60×
50,Dueling DDQN,2782.87 ± 244.53,90.70 ± 1.58,9.30,8.26,"143,155",1.60×
50,Vanilla DQN,8456.57 ± 316.44,97.92 ± 0.46,2.08,6.81,"142,898",1.60×
50,PPO,166.20 ± 3.48,24.11 ± 1.68,75.89,1.53,"143,155",1.60×
100,ADDQN,5526.57 ± 429.74,92.60 ± 2.29,7.40,20.58,"270,245",3.17×
100,Vanilla DDQN,2815.77 ± 201.89,93.00 ± 1.36,7.00,9.40,"219,748",2.47×
100,Dueling DDQN,3925.88 ± 242.17,93.98 ± 1.00,6.02,10.19,"220,005",2.46×
100,Vanilla DQN,4871.82 ± 228.05,97.68 ± 0.58,2.32,8.88,"219,748",2.47×
100,PPO,188.83 ± 5.24,33.83 ± 1.63,66.17,1.91,"220,005",2.46×
