Scenario,Method,RT_mean_ms,RT_sd_ms,DMR_mean_percent,DMR_sd_percent,Deadline_Met_percent,Reward_mean,Energy_mean,Load_imbalance_mean,Overload_percent,Action_entropy,Dominant_node_percent,Active_nodes_mean
Stationary,ADDQN,141.66474330100033,2.8225506711180466,8.816666666666668,1.8358655448726562,91.18333333333334,16.49540823173523,0.03491400281588237,0.011343811949094137,0.0,0.6858720906998443,15.45,23.566666666666666
Stationary,Vanilla DDQN,6090.910939489132,265.77101687686684,93.58333333333334,1.175051967547297,6.416666666666668,-41.48759299564362,0.07861168583234152,0.4963759511709213,69.98333333333332,0.18283064085631875,77.36666666666669,4.3
Stationary,Dueling DDQN,2782.8731352662307,244.5313915968391,90.69999999999999,1.584406774659276,9.299999999999997,-38.21017871236801,0.06786225040753682,0.3061971113085747,42.49999999999999,0.33350574723064774,51.550000000000004,5.8
Stationary,Vanilla DQN,8456.56776599384,316.437857294535,97.91666666666667,0.4564354645876388,2.0833333333333353,-47.36726497459413,0.08652198910713196,0.5821616053581238,83.46666666666667,0.09691130567699709,90.95,3.8333333333333335
Stationary,PPO,166.20363252802503,3.4811272760314576,24.10666666666667,1.6784502978339424,75.89333333333333,10.03867011820475,0.035472165346145626,0.015151046601434551,0.0,0.8158753793736883,8.999999999999998,33.60000000000001
Bursty_2x,ADDQN,142.53123307856535,2.964591482470928,9.333333333333332,1.6470105276411926,90.66666666666669,16.292731384118397,0.03503073453903198,0.012905285290131966,0.0,0.729447684235858,13.500000000000004,27.166666666666668
Bursty_2x,Vanilla DDQN,6802.7320712827905,275.70184894461806,94.26666666666665,1.0148325268098464,5.733333333333334,-42.491469325224564,0.07997555335362752,0.5395092646280925,72.33333333333331,0.17285985341067006,79.71666666666668,4.3
Bursty_2x,Dueling DDQN,3676.2588107117867,284.8774928436125,91.70000000000002,1.3933338832974769,8.299999999999995,-39.37785567061107,0.0705869217713674,0.3727854082981745,49.333333333333336,0.3130431861926537,57.733333333333334,5.8
Bursty_2x,Vanilla DQN,8839.602199845716,316.4375872729039,97.91666666666667,0.4564354645876388,2.0833333333333353,-47.36726497459413,0.08652198910713196,0.6087436556816102,83.46666666666667,0.09691130567699709,90.95,3.8333333333333335
Bursty_2x,PPO,177.49005730842566,4.037230797856434,29.2,1.6819528879375238,70.8,7.588860314337412,0.035933087269465126,0.019897187749544777,0.0,0.8160058160982763,8.949999999999998,33.60000000000001
Nonstationary,ADDQN,143.29390873702977,2.930543996721679,9.45,1.886202168562441,90.55000000000001,16.219936172008513,0.03508135477701823,0.013479081386079391,0.0,0.7470490090701304,12.65,28.533333333333335
Nonstationary,Vanilla DDQN,7076.6515192713005,287.5206104641356,94.81666666666666,1.102374657300079,5.183333333333335,-42.949566867828366,0.08050517241160075,0.5563365697860718,73.15,0.1690997576026071,80.53333333333333,4.3
Nonstationary,Dueling DDQN,4089.346669165379,304.89241320664735,92.03333333333336,1.2382783747337802,7.966666666666665,-39.87142537005742,0.07172009547551474,0.40030569036801655,51.83333333333333,0.30226299942578605,60.50000000000001,5.8
Nonstationary,Vanilla DQN,8988.552264347161,316.4379473444854,97.91666666666667,0.4564354645876388,2.0833333333333353,-47.36726497459413,0.08652198910713196,0.6190785765647888,83.46666666666667,0.09691130567699709,90.95,3.8333333333333335
Nonstationary,PPO,183.57830935286492,4.589935481392696,31.36,1.6187692216938918,68.64,6.522717974154156,0.03616631547609964,0.02308803874999284,0.0,0.8159697349908661,8.99,33.60000000000001
