nodes,method,parameters,mean_ms,median_ms,std_ms,p95_ms,p99_ms,decisions_per_sec
15,ADDQN,85200,0.6455143776666667,0.384065,0.7833791522457084,2.451374,4.486350889999998,1549.1521716598913
15,Vanilla DDQN,89103,0.08339075833333334,0.07098,0.1380662999363807,0.0919005,0.13449670999999985,11991.736494381721
15,Dueling DDQN,89360,0.13161072966666665,0.112515,0.14621176899287303,0.16370649999999992,0.30011359999999326,7598.1646977622695
15,Vanilla DQN,89103,0.07964047533333334,0.07247,0.043874140125507215,0.10494154999999993,0.13876219999999995,12556.429325848741
15,PPO,89360,0.30514194233333336,0.27887,0.13404432415431972,0.37948049999999994,0.6783235899999996,3277.1633828941553
50,ADDQN,161395,0.3551625536666666,0.33178,0.14640798649777692,0.458922,0.6519186999999997,2815.612146258351
50,Vanilla DDQN,142898,0.08968543166666666,0.08105,0.052623959751536255,0.1147805,0.17030739999999958,11150.08292223752
50,Dueling DDQN,143155,0.13385133566666668,0.12149,0.09185218490397969,0.17205804999999996,0.23985339999999944,7470.975130874487
50,Vanilla DQN,142898,0.08802298366666665,0.08033,0.05708983929236044,0.11324399999999997,0.16191459999999963,11360.669206430106
50,PPO,143155,0.2967489303333333,0.281825,0.10673285573142105,0.3703275499999999,0.5023134999999973,3369.852079590366
100,ADDQN,270245,0.3723874303333334,0.350985,0.14408475240400326,0.4566205499999999,0.6080503999999952,2685.3752800003876
100,Vanilla DDQN,219748,0.10157463466666666,0.09221,0.06497177428547311,0.1275625,0.1696411,9844.977570253235
100,Dueling DDQN,220005,0.14454637066666665,0.132785,0.04613073577242084,0.190651,0.271651,6918.195146566946
100,Vanilla DQN,219748,0.10670597533333334,0.09242500000000001,0.1305408896291239,0.133051,0.18554109999999974,9371.546409431628
100,PPO,220005,0.31785931200000006,0.29862,0.16862354889581724,0.380312,0.5918570999999988,3146.045946264427
