Nodes,Method,Parameters,Mean Latency (ms),Median (ms),P95 (ms),P99 (ms),Decisions/s
15,ADDQN,"85,200",0.6455,0.3841,2.4514,4.4864,1549.2
15,Vanilla DDQN,"89,103",0.0834,0.0710,0.0919,0.1345,11991.7
15,Dueling DDQN,"89,360",0.1316,0.1125,0.1637,0.3001,7598.2
15,Vanilla DQN,"89,103",0.0796,0.0725,0.1049,0.1388,12556.4
15,PPO,"89,360",0.3051,0.2789,0.3795,0.6783,3277.2
50,ADDQN,"161,395",0.3552,0.3318,0.4589,0.6519,2815.6
50,Vanilla DDQN,"142,898",0.0897,0.0810,0.1148,0.1703,11150.1
50,Dueling DDQN,"143,155",0.1339,0.1215,0.1721,0.2399,7471.0
50,Vanilla DQN,"142,898",0.0880,0.0803,0.1132,0.1619,11360.7
50,PPO,"143,155",0.2967,0.2818,0.3703,0.5023,3369.9
100,ADDQN,"270,245",0.3724,0.3510,0.4566,0.6081,2685.4
100,Vanilla DDQN,"219,748",0.1016,0.0922,0.1276,0.1696,9845.0
100,Dueling DDQN,"220,005",0.1445,0.1328,0.1907,0.2717,6918.2
100,Vanilla DQN,"219,748",0.1067,0.0924,0.1331,0.1855,9371.5
100,PPO,"220,005",0.3179,0.2986,0.3803,0.5919,3146.0
